,Unnamed: 0,庫房,料號,品名,數量,帳務日期,日期,計價,工作日,週
0,47,DLN2,A00120025,2.5-3cc PVC 注射空針,1.0,2022-07-01,202207,T-不計價,True,26
1,48,DLN2,A00120025,2.5-3cc PVC 注射空針,-1.0,2022-08-30,202208,T-不計價,True,35
2,49,DLN2,A00120025,2.5-3cc PVC 注射空針,1.0,2022-08-30,202208,T-不計價,True,35
3,50,DLN2,A00120025,2.5-3cc PVC 注射空針,0.0,2022-10-30,202210,T-不計價,False,43
4,51,DLN2,A00120025,2.5-3cc PVC 注射空針,0.0,2022-12-17,202212,T-不計價,False,50
5,52,DLN2,A00120025,2.5-3cc PVC 注射空針,0.0,2022-12-21,202212,T-不計價,True,51
6,53,DLN2,A00120025,2.5-3cc PVC 注射空針,0.0,2022-12-22,202212,T-不計價,True,51
7,54,DLN2,A00120033,2.5-3cc PVC 注射空針,4.0,2022-02-28,202202,T-不計價,True,9
8,55,DLN2,A00120033,2.5-3cc PVC 注射空針,-4.0,2022-02-28,202202,T-不計價,True,9
9,56,DLN2,A00120033,2.5-3cc PVC 注射空針,0.0,2022-04-26,202204,T-不計價,True,17
10,57,DLN2,A00120033,2.5-3cc PVC 注射空針,1.0,2022-05-09,202205,T-不計價,True,19
11,58,DLN2,A00120033,2.5-3cc PVC 注射空針,0.0,2022-06-04,202206,T-不計價,False,22
12,59,DLN2,A00120033,2.5-3cc PVC 注射空針,0.0,2022-06-05,202206,T-不計價,False,22
13,60,DLN2,A00120033,2.5-3cc PVC 注射空針,0.0,2022-06-07,202206,T-不計價,True,23
14,61,DLN2,A00120033,2.5-3cc PVC 注射空針,0.0,2022-06-08,202206,T-不計價,True,23
15,62,DLN2,A00120067,5cc 塑膠注射空針,2.0,2022-01-16,202201,T-不計價,False,2
16,63,DLN2,A00120067,5cc 塑膠注射空針,2.0,2022-01-26,202201,T-不計價,True,4
17,64,DLN2,A00120067,5cc 塑膠注射空針,1.0,2022-02-01,202202,T-不計價,False,5
18,65,DLN2,A00120067,5cc 塑膠注射空針,5.0,2022-02-15,202202,T-不計價,True,7
19,66,DLN2,A00120067,5cc 塑膠注射空針,1.0,2022-03-01,202203,T-不計價,True,9
20,67,DLN2,A00120067,5cc 塑膠注射空針,1.0,2022-03-15,202203,T-不計價,True,11
21,68,DLN2,A00120067,5cc 塑膠注射空針,1.0,2022-03-29,202203,T-不計價,True,13
22,69,DLN2,A00120067,5cc 塑膠注射空針,1.0,2022-05-05,202205,T-不計價,True,18
23,70,DLN2,A00120067,5cc 塑膠注射空針,0.0,2022-06-03,202206,T-不計價,False,22
24,71,DLN2,A00120067,5cc 塑膠注射空針,1.0,2022-12-22,202212,T-不計價,True,51
25,72,DLN2,A00120067,5cc 塑膠注射空針,1.0,2022-12-23,202212,T-不計價,True,51
26,73,DLN2,A00120102,10cc塑膠注射空針 有螺紋,0.0,2022-12-18,202212,T-不計價,False,50
27,74,DLN2,A00120102,10cc塑膠注射空針 有螺紋,2.0,2022-12-19,202212,T-不計價,True,51
28,75,DLN2,A00120110,10cc塑膠注射空針 無螺紋,3.0,2022-01-25,202201,T-不計價,True,4
29,76,DLN2,A00120110,10cc塑膠注射空針 無螺紋,5.0,2022-01-25,202201,T-不計價,True,4
30,77,DLN2,A00120110,10cc塑膠注射空針 無螺紋,4.0,2022-01-26,202201,T-不計價,True,4
31,78,DLN2,A00120110,10cc塑膠注射空針 無螺紋,1.0,2022-01-27,202201,T-不計價,True,4
32,79,DLN2,A00120110,10cc塑膠注射空針 無螺紋,2.0,2022-01-27,202201,T-不計價,True,4
33,80,DLN2,A00120110,10cc塑膠注射空針 無螺紋,1.0,2022-02-15,202202,T-不計價,True,7
34,81,DLN2,A00120110,10cc塑膠注射空針 無螺紋,2.0,2022-03-06,202203,T-不計價,False,9
35,82,DLN2,A00120110,10cc塑膠注射空針 無螺紋,2.0,2022-05-04,202205,T-不計價,False,18
36,83,DLN2,A00120110,10cc塑膠注射空針 無螺紋,2.0,2022-05-05,202205,T-不計價,True,18
37,84,DLN2,A00120110,10cc塑膠注射空針 無螺紋,3.0,2022-05-06,202205,T-不計價,True,18
38,85,DLN2,A00120110,10cc塑膠注射空針 無螺紋,1.0,2022-05-06,202205,T-不計價,True,18
39,86,DLN2,A00120110,10cc塑膠注射空針 無螺紋,3.0,2022-05-07,202205,T-不計價,True,18
40,87,DLN2,A00120110,10cc塑膠注射空針 無螺紋,12.0,2022-05-08,202205,T-不計價,False,18
41,88,DLN2,A00120110,10cc塑膠注射空針 無螺紋,5.0,2022-06-03,202206,T-不計價,False,22
42,89,DLN2,A00120110,10cc塑膠注射空針 無螺紋,3.0,2022-06-04,202206,T-不計價,False,22
43,90,DLN2,A00120110,10cc塑膠注射空針 無螺紋,4.0,2022-06-05,202206,T-不計價,False,22
44,91,DLN2,A00120110,10cc塑膠注射空針 無螺紋,1.0,2022-06-06,202206,T-不計價,True,23
45,92,DLN2,A00120110,10cc塑膠注射空針 無螺紋,2.0,2022-06-06,202206,T-不計價,True,23
46,93,DLN2,A00120110,10cc塑膠注射空針 無螺紋,3.0,2022-06-07,202206,T-不計價,True,23
47,94,DLN2,A00120110,10cc塑膠注射空針 無螺紋,2.0,2022-06-08,202206,T-不計價,True,23
48,95,DLN2,A00120110,10cc塑膠注射空針 無螺紋,9.0,2022-06-29,202206,T-不計價,True,26
49,96,DLN2,A00120110,10cc塑膠注射空針 無螺紋,4.0,2022-12-17,202212,T-不計價,False,50
50,97,DLN2,A00120110,10cc塑膠注射空針 無螺紋,4.0,2022-12-18,202212,T-不計價,False,50
51,98,DLN2,A00120110,10cc塑膠注射空針 無螺紋,2.0,2022-12-19,202212,T-不計價,True,51
52,99,DLN2,A00120110,10cc塑膠注射空針 無螺紋,4.0,2022-12-20,202212,T-不計價,True,51
53,100,DLN2,A00120110,10cc塑膠注射空針 無螺紋,4.0,2022-12-21,202212,T-不計價,True,51
54,101,DLN2,A00120110,10cc塑膠注射空針 無螺紋,4.0,2022-12-22,202212,T-不計價,True,51
55,102,DLN2,A00120110,10cc塑膠注射空針 無螺紋,1.0,2022-12-23,202212,T-不計價,True,51
56,103,DLN2,A00120110,10cc塑膠注射空針 無螺紋,2.0,2022-12-23,202212,T-不計價,True,51
57,104,DLN2,A00120110,10cc塑膠注射空針 無螺紋,2.0,2022-12-24,202212,T-不計價,False,51
58,105,DLN2,A02120225,塑膠注射針頭,1.0,2022-02-15,202202,T-不計價,True,7
59,106,DLN2,A02312182,〞美迪克〞安全性靜脈留置針  24G,2.0,2022-05-06,202205,C-計價,True,18
60,107,DLN2,A02312182,〞美迪克〞安全性靜脈留置針  24G,1.0,2022-05-07,202205,C-計價,True,18
61,108,DLN2,A02312182,〞美迪克〞安全性靜脈留置針  24G,1.0,2022-05-08,202205,C-計價,False,18
62,109,DLN2,A02312182,〞美迪克〞安全性靜脈留置針  24G,1.0,2022-06-29,202206,C-計價,True,26
63,110,DLN2,A02312182,〞美迪克〞安全性靜脈留置針  24G,1.0,2022-06-29,202206,C-計價,True,26
64,111,DLN2,A02320340,〞美迪克〞安全性靜脈留置針  20G,1.0,2022-01-03,202201,C-計價,False,1
65,112,DLN2,A02320340,〞美迪克〞安全性靜脈留置針  20G,1.0,2022-05-08,202205,C-計價,False,18
66,113,DLN2,A02320340,〞美迪克〞安全性靜脈留置針  20G,2.0,2022-06-07,202206,C-計價,True,23
67,114,DLN2,A02322259,〞美迪克〞安全性靜脈留置針  22G,2.0,2022-01-24,202201,C-計價,True,4
68,115,DLN2,A02322259,〞美迪克〞安全性靜脈留置針  22G,2.0,2022-01-25,202201,C-計價,True,4
69,116,DLN2,A02322259,〞美迪克〞安全性靜脈留置針  22G,3.0,2022-01-26,202201,C-計價,True,4
70,117,DLN2,A02322259,〞美迪克〞安全性靜脈留置針  22G,1.0,2022-01-27,202201,C-計價,True,4
71,118,DLN2,A02322259,〞美迪克〞安全性靜脈留置針  22G,1.0,2022-05-04,202205,C-計價,False,18
72,119,DLN2,A02322259,〞美迪克〞安全性靜脈留置針  22G,2.0,2022-05-05,202205,C-計價,True,18
73,120,DLN2,A02322259,〞美迪克〞安全性靜脈留置針  22G,2.0,2022-06-03,202206,C-計價,False,22
74,121,DLN2,A02322259,〞美迪克〞安全性靜脈留置針  22G,1.0,2022-06-29,202206,C-計價,True,26
75,122,DLN2,A02322259,〞美迪克〞安全性靜脈留置針  22G,2.0,2022-12-17,202212,C-計價,False,50
76,123,DLN2,A02322259,〞美迪克〞安全性靜脈留置針  22G,1.0,2022-12-19,202212,C-計價,True,51
77,124,DLN2,A02322259,〞美迪克〞安全性靜脈留置針  22G,1.0,2022-12-22,202212,C-計價,True,51
78,125,DLN2,A02322259,〞美迪克〞安全性靜脈留置針  22G,1.0,2022-12-24,202212,C-計價,False,51
79,126,DLN2,A03295054,安全式注射筆專用針,1.0,2022-12-13,202212,T-不計價,True,50
80,127,DLN2,A03295054,安全式注射筆專用針,2.0,2022-12-14,202212,T-不計價,True,50
81,128,DLN2,A03295054,安全式注射筆專用針,1.0,2022-12-15,202212,T-不計價,True,50
82,129,DLN2,A03295054,安全式注射筆專用針,1.0,2022-12-16,202212,T-不計價,True,50
83,130,DLN2,A03295054,安全式注射筆專用針,1.0,2022-12-17,202212,T-不計價,False,50
84,131,DLN2,A03295054,安全式注射筆專用針,1.0,2022-12-18,202212,T-不計價,False,50
85,132,DLN2,A03295054,安全式注射筆專用針,1.0,2022-12-19,202212,T-不計價,True,51
86,133,DLN2,A03295054,安全式注射筆專用針,1.0,2022-12-21,202212,T-不計價,True,51
87,134,DLN2,A03295054,安全式注射筆專用針,1.0,2022-12-22,202212,T-不計價,True,51
88,135,DLN2,A03295054,安全式注射筆專用針,1.0,2022-12-23,202212,T-不計價,True,51
89,136,DLN2,A03295054,安全式注射筆專用針,3.0,2022-12-24,202212,T-不計價,False,51
90,137,DLN2,A03295054,安全式注射筆專用針,1.0,2022-12-25,202212,T-不計價,False,51
91,138,DLN2,A03295054,安全式注射筆專用針,1.0,2022-12-26,202212,T-不計價,True,52
92,139,DLN2,A03295054,安全式注射筆專用針,1.0,2022-12-27,202212,T-不計價,True,52
93,140,DLN2,A03295054,安全式注射筆專用針,1.0,2022-12-28,202212,T-不計價,True,52
94,141,DLN2,A03295054,安全式注射筆專用針,1.0,2022-12-29,202212,T-不計價,True,52
95,142,DLN2,A03295054,安全式注射筆專用針,1.0,2022-12-30,202212,T-不計價,True,52
96,143,DLN2,A03295054,安全式注射筆專用針,1.0,2022-12-31,202212,T-不計價,False,52
97,144,DLN2,A04200004,精密輸液套附Y加藥座120c.c硬bag,1.0,2022-01-24,202201,C-計價,True,4
98,145,DLN2,A04200020,精密控制輸液套附免針加藥座,1.0,2022-05-05,202205,C-計價,True,18
99,146,DLN2,A04200020,精密控制輸液套附免針加藥座,1.0,2022-06-03,202206,C-計價,False,22
100,147,DLN2,A04200020,精密控制輸液套附免針加藥座,1.0,2022-06-07,202206,C-計價,True,23
101,148,DLN2,A04200020,精密控制輸液套附免針加藥座,1.0,2022-12-17,202212,C-計價,False,50
102,149,DLN2,A04200020,精密控制輸液套附免針加藥座,1.0,2022-12-21,202212,C-計價,True,51
103,150,DLN2,A04200038,安全靜脈點滴輸液套(免針式),0.0,2022-06-03,202206,T-不計價,False,22
104,151,DLN2,A04411285,全拋式採血器,1.0,2022-01-03,202201,T-不計價,False,1
105,152,DLN2,A04411285,全拋式採血器,1.0,2022-01-03,202201,T-不計價,False,1
106,153,DLN2,A04411285,全拋式採血器,1.0,2022-01-10,202201,T-不計價,True,2
107,154,DLN2,A04411285,全拋式採血器,1.0,2022-01-10,202201,T-不計價,True,2
108,155,DLN2,A04411285,全拋式採血器,1.0,2022-01-17,202201,T-不計價,True,3
109,156,DLN2,A04411285,全拋式採血器,1.0,2022-01-24,202201,T-不計價,True,4
110,157,DLN2,A04411285,全拋式採血器,1.0,2022-01-31,202201,T-不計價,False,5
111,158,DLN2,A04411285,全拋式採血器,1.0,2022-02-07,202202,T-不計價,True,6
112,159,DLN2,A04411285,全拋式採血器,1.0,2022-02-14,202202,T-不計價,True,7
113,160,DLN2,A04411285,全拋式採血器,1.0,2022-02-21,202202,T-不計價,True,8
114,161,DLN2,A04411285,全拋式採血器,1.0,2022-02-28,202202,T-不計價,True,9
115,162,DLN2,A04411285,全拋式採血器,1.0,2022-03-07,202203,T-不計價,True,10
116,163,DLN2,A04411285,全拋式採血器,1.0,2022-03-14,202203,T-不計價,True,11
117,164,DLN2,A04411285,全拋式採血器,1.0,2022-03-21,202203,T-不計價,True,12
118,165,DLN2,A04411285,全拋式採血器,1.0,2022-03-28,202203,T-不計價,True,13
119,166,DLN2,A04411285,全拋式採血器,1.0,2022-04-04,202204,T-不計價,False,14
120,167,DLN2,A04411285,全拋式採血器,1.0,2022-04-11,202204,T-不計價,True,15
121,168,DLN2,A04411285,全拋式採血器,3.0,2022-04-13,202204,T-不計價,True,15
122,169,DLN2,A04411285,全拋式採血器,4.0,2022-04-14,202204,T-不計價,True,15
123,170,DLN2,A04411285,全拋式採血器,4.0,2022-04-15,202204,T-不計價,True,15
124,171,DLN2,A04411285,全拋式採血器,4.0,2022-04-16,202204,T-不計價,False,15
125,172,DLN2,A04411285,全拋式採血器,4.0,2022-04-17,202204,T-不計價,False,15
126,173,DLN2,A04411285,全拋式採血器,1.0,2022-04-18,202204,T-不計價,True,16
127,174,DLN2,A04411285,全拋式採血器,4.0,2022-04-18,202204,T-不計價,True,16
128,175,DLN2,A04411285,全拋式採血器,4.0,2022-04-19,202204,T-不計價,True,16
129,176,DLN2,A04411285,全拋式採血器,4.0,2022-04-20,202204,T-不計價,True,16
130,177,DLN2,A04411285,全拋式採血器,4.0,2022-04-21,202204,T-不計價,True,16
131,178,DLN2,A04411285,全拋式採血器,4.0,2022-04-22,202204,T-不計價,True,16
132,179,DLN2,A04411285,全拋式採血器,4.0,2022-04-23,202204,T-不計價,False,16
133,180,DLN2,A04411285,全拋式採血器,4.0,2022-04-24,202204,T-不計價,True,16
134,181,DLN2,A04411285,全拋式採血器,4.0,2022-04-25,202204,T-不計價,True,17
135,182,DLN2,A04411285,全拋式採血器,1.0,2022-04-25,202204,T-不計價,True,17
136,183,DLN2,A04411285,全拋式採血器,3.0,2022-04-25,202204,T-不計價,True,17
137,184,DLN2,A04411285,全拋式採血器,4.0,2022-04-26,202204,T-不計價,True,17
138,185,DLN2,A04411285,全拋式採血器,4.0,2022-04-26,202204,T-不計價,True,17
139,186,DLN2,A04411285,全拋式採血器,4.0,2022-04-27,202204,T-不計價,True,17
140,187,DLN2,A04411285,全拋式採血器,4.0,2022-04-27,202204,T-不計價,True,17
141,188,DLN2,A04411285,全拋式採血器,4.0,2022-04-28,202204,T-不計價,True,17
142,189,DLN2,A04411285,全拋式採血器,4.0,2022-04-28,202204,T-不計價,True,17
143,190,DLN2,A04411285,全拋式採血器,4.0,2022-04-29,202204,T-不計價,True,17
144,191,DLN2,A04411285,全拋式採血器,4.0,2022-04-29,202204,T-不計價,True,17
145,192,DLN2,A04411285,全拋式採血器,4.0,2022-04-30,202204,T-不計價,False,17
146,193,DLN2,A04411285,全拋式採血器,4.0,2022-04-30,202204,T-不計價,False,17
147,194,DLN2,A04411285,全拋式採血器,4.0,2022-05-01,202205,T-不計價,False,17
148,195,DLN2,A04411285,全拋式採血器,4.0,2022-05-01,202205,T-不計價,False,17
149,196,DLN2,A04411285,全拋式採血器,4.0,2022-05-02,202205,T-不計價,False,18
150,197,DLN2,A04411285,全拋式採血器,1.0,2022-05-02,202205,T-不計價,False,18
151,198,DLN2,A04411285,全拋式採血器,4.0,2022-05-02,202205,T-不計價,False,18
152,199,DLN2,A04411285,全拋式採血器,4.0,2022-05-03,202205,T-不計價,False,18
153,200,DLN2,A04411285,全拋式採血器,4.0,2022-05-03,202205,T-不計價,False,18
154,201,DLN2,A04411285,全拋式採血器,4.0,2022-05-04,202205,T-不計價,False,18
155,202,DLN2,A04411285,全拋式採血器,4.0,2022-05-04,202205,T-不計價,False,18
156,203,DLN2,A04411285,全拋式採血器,4.0,2022-05-05,202205,T-不計價,True,18
157,204,DLN2,A04411285,全拋式採血器,4.0,2022-05-05,202205,T-不計價,True,18
158,205,DLN2,A04411285,全拋式採血器,4.0,2022-05-06,202205,T-不計價,True,18
159,206,DLN2,A04411285,全拋式採血器,4.0,2022-05-06,202205,T-不計價,True,18
160,207,DLN2,A04411285,全拋式採血器,4.0,2022-05-07,202205,T-不計價,True,18
161,208,DLN2,A04411285,全拋式採血器,4.0,2022-05-07,202205,T-不計價,True,18
162,209,DLN2,A04411285,全拋式採血器,4.0,2022-05-08,202205,T-不計價,False,18
163,210,DLN2,A04411285,全拋式採血器,4.0,2022-05-08,202205,T-不計價,False,18
164,211,DLN2,A04411285,全拋式採血器,4.0,2022-05-09,202205,T-不計價,True,19
165,212,DLN2,A04411285,全拋式採血器,4.0,2022-05-09,202205,T-不計價,True,19
166,213,DLN2,A04411285,全拋式採血器,4.0,2022-05-10,202205,T-不計價,True,19
167,214,DLN2,A04411285,全拋式採血器,4.0,2022-05-10,202205,T-不計價,True,19
168,215,DLN2,A04411285,全拋式採血器,4.0,2022-05-11,202205,T-不計價,True,19
169,216,DLN2,A04411285,全拋式採血器,4.0,2022-05-11,202205,T-不計價,True,19
170,217,DLN2,A04411285,全拋式採血器,4.0,2022-05-12,202205,T-不計價,True,19
171,218,DLN2,A04411285,全拋式採血器,4.0,2022-05-12,202205,T-不計價,True,19
172,219,DLN2,A04411285,全拋式採血器,4.0,2022-05-13,202205,T-不計價,True,19
173,220,DLN2,A04411285,全拋式採血器,4.0,2022-05-13,202205,T-不計價,True,19
174,221,DLN2,A04411285,全拋式採血器,4.0,2022-05-14,202205,T-不計價,False,19
175,222,DLN2,A04411285,全拋式採血器,4.0,2022-05-14,202205,T-不計價,False,19
176,223,DLN2,A04411285,全拋式採血器,4.0,2022-05-15,202205,T-不計價,False,19
177,224,DLN2,A04411285,全拋式採血器,4.0,2022-05-15,202205,T-不計價,False,19
178,225,DLN2,A04411285,全拋式採血器,4.0,2022-05-16,202205,T-不計價,True,20
179,226,DLN2,A04411285,全拋式採血器,1.0,2022-05-16,202205,T-不計價,True,20
180,227,DLN2,A04411285,全拋式採血器,4.0,2022-05-16,202205,T-不計價,True,20
181,228,DLN2,A04411285,全拋式採血器,4.0,2022-05-17,202205,T-不計價,True,20
182,229,DLN2,A04411285,全拋式採血器,4.0,2022-05-17,202205,T-不計價,True,20
183,230,DLN2,A04411285,全拋式採血器,4.0,2022-05-18,202205,T-不計價,True,20
184,231,DLN2,A04411285,全拋式採血器,4.0,2022-05-18,202205,T-不計價,True,20
185,232,DLN2,A04411285,全拋式採血器,4.0,2022-05-19,202205,T-不計價,True,20
186,233,DLN2,A04411285,全拋式採血器,4.0,2022-05-19,202205,T-不計價,True,20
187,234,DLN2,A04411285,全拋式採血器,4.0,2022-05-20,202205,T-不計價,True,20
188,235,DLN2,A04411285,全拋式採血器,4.0,2022-05-20,202205,T-不計價,True,20
189,236,DLN2,A04411285,全拋式採血器,4.0,2022-05-21,202205,T-不計價,False,20
190,237,DLN2,A04411285,全拋式採血器,4.0,2022-05-21,202205,T-不計價,False,20
191,238,DLN2,A04411285,全拋式採血器,4.0,2022-05-22,202205,T-不計價,False,20
192,239,DLN2,A04411285,全拋式採血器,4.0,2022-05-22,202205,T-不計價,False,20
193,240,DLN2,A04411285,全拋式採血器,4.0,2022-05-23,202205,T-不計價,True,21
194,241,DLN2,A04411285,全拋式採血器,4.0,2022-05-23,202205,T-不計價,True,21
195,242,DLN2,A04411285,全拋式採血器,1.0,2022-05-23,202205,T-不計價,True,21
196,243,DLN2,A04411285,全拋式採血器,4.0,2022-05-24,202205,T-不計價,True,21
197,244,DLN2,A04411285,全拋式採血器,4.0,2022-05-24,202205,T-不計價,True,21
198,245,DLN2,A04411285,全拋式採血器,4.0,2022-05-25,202205,T-不計價,True,21
199,246,DLN2,A04411285,全拋式採血器,4.0,2022-05-25,202205,T-不計價,True,21
200,247,DLN2,A04411285,全拋式採血器,3.0,2022-05-26,202205,T-不計價,True,21
201,248,DLN2,A04411285,全拋式採血器,3.0,2022-05-26,202205,T-不計價,True,21
202,249,DLN2,A04411285,全拋式採血器,1.0,2022-05-26,202205,T-不計價,True,21
203,250,DLN2,A04411285,全拋式採血器,2.0,2022-05-26,202205,T-不計價,True,21
204,251,DLN2,A04411285,全拋式採血器,4.0,2022-05-27,202205,T-不計價,True,21
205,252,DLN2,A04411285,全拋式採血器,4.0,2022-05-27,202205,T-不計價,True,21
206,253,DLN2,A04411285,全拋式採血器,4.0,2022-05-28,202205,T-不計價,False,21
207,254,DLN2,A04411285,全拋式採血器,4.0,2022-05-28,202205,T-不計價,False,21
208,255,DLN2,A04411285,全拋式採血器,4.0,2022-05-29,202205,T-不計價,False,21
209,256,DLN2,A04411285,全拋式採血器,4.0,2022-05-29,202205,T-不計價,False,21
210,257,DLN2,A04411285,全拋式採血器,4.0,2022-05-30,202205,T-不計價,True,22
211,258,DLN2,A04411285,全拋式採血器,4.0,2022-05-30,202205,T-不計價,True,22
212,259,DLN2,A04411285,全拋式採血器,1.0,2022-05-30,202205,T-不計價,True,22
213,260,DLN2,A04411285,全拋式採血器,4.0,2022-05-31,202205,T-不計價,True,22
214,261,DLN2,A04411285,全拋式採血器,4.0,2022-05-31,202205,T-不計價,True,22
215,262,DLN2,A04411285,全拋式採血器,4.0,2022-06-01,202206,T-不計價,True,22
216,263,DLN2,A04411285,全拋式採血器,5.0,2022-06-01,202206,T-不計價,True,22
217,264,DLN2,A04411285,全拋式採血器,4.0,2022-06-02,202206,T-不計價,True,22
218,265,DLN2,A04411285,全拋式採血器,4.0,2022-06-02,202206,T-不計價,True,22
219,266,DLN2,A04411285,全拋式採血器,4.0,2022-06-03,202206,T-不計價,False,22
220,267,DLN2,A04411285,全拋式採血器,4.0,2022-06-03,202206,T-不計價,False,22
221,268,DLN2,A04411285,全拋式採血器,4.0,2022-06-04,202206,T-不計價,False,22
222,269,DLN2,A04411285,全拋式採血器,4.0,2022-06-04,202206,T-不計價,False,22
223,270,DLN2,A04411285,全拋式採血器,4.0,2022-06-05,202206,T-不計價,False,22
224,271,DLN2,A04411285,全拋式採血器,4.0,2022-06-05,202206,T-不計價,False,22
225,272,DLN2,A04411285,全拋式採血器,4.0,2022-06-06,202206,T-不計價,True,23
226,273,DLN2,A04411285,全拋式採血器,1.0,2022-06-06,202206,T-不計價,True,23
227,274,DLN2,A04411285,全拋式採血器,4.0,2022-06-06,202206,T-不計價,True,23
228,275,DLN2,A04411285,全拋式採血器,4.0,2022-06-07,202206,T-不計價,True,23
229,276,DLN2,A04411285,全拋式採血器,4.0,2022-06-07,202206,T-不計價,True,23
230,277,DLN2,A04411285,全拋式採血器,2.0,2022-06-08,202206,T-不計價,True,23
231,278,DLN2,A04411285,全拋式採血器,4.0,2022-06-08,202206,T-不計價,True,23
232,279,DLN2,A04411285,全拋式採血器,4.0,2022-06-09,202206,T-不計價,True,23
233,280,DLN2,A04411285,全拋式採血器,4.0,2022-06-10,202206,T-不計價,True,23
234,281,DLN2,A04411285,全拋式採血器,4.0,2022-06-11,202206,T-不計價,False,23
235,282,DLN2,A04411285,全拋式採血器,4.0,2022-06-12,202206,T-不計價,False,23
236,283,DLN2,A04411285,全拋式採血器,1.0,2022-06-13,202206,T-不計價,True,24
237,284,DLN2,A04411285,全拋式採血器,4.0,2022-06-13,202206,T-不計價,True,24
238,285,DLN2,A04411285,全拋式採血器,4.0,2022-06-14,202206,T-不計價,True,24
239,286,DLN2,A04411285,全拋式採血器,4.0,2022-06-15,202206,T-不計價,True,24
240,287,DLN2,A04411285,全拋式採血器,4.0,2022-06-16,202206,T-不計價,True,24
241,288,DLN2,A04411285,全拋式採血器,4.0,2022-06-17,202206,T-不計價,True,24
242,289,DLN2,A04411285,全拋式採血器,4.0,2022-06-18,202206,T-不計價,False,24
243,290,DLN2,A04411285,全拋式採血器,4.0,2022-06-19,202206,T-不計價,False,24
244,291,DLN2,A04411285,全拋式採血器,2.0,2022-06-20,202206,T-不計價,True,25
245,292,DLN2,A04411285,全拋式採血器,1.0,2022-06-20,202206,T-不計價,True,25
246,293,DLN2,A04411285,全拋式採血器,1.0,2022-06-21,202206,T-不計價,True,25
247,294,DLN2,A04411285,全拋式採血器,1.0,2022-06-22,202206,T-不計價,True,25
248,295,DLN2,A04411285,全拋式採血器,1.0,2022-06-23,202206,T-不計價,True,25
249,296,DLN2,A04411285,全拋式採血器,1.0,2022-06-24,202206,T-不計價,True,25
250,297,DLN2,A04411285,全拋式採血器,1.0,2022-06-25,202206,T-不計價,False,25
251,298,DLN2,A04411285,全拋式採血器,1.0,2022-06-26,202206,T-不計價,False,25
252,299,DLN2,A04411285,全拋式採血器,1.0,2022-06-27,202206,T-不計價,True,26
253,300,DLN2,A04411285,全拋式採血器,1.0,2022-06-27,202206,T-不計價,True,26
254,301,DLN2,A04411285,全拋式採血器,1.0,2022-06-28,202206,T-不計價,True,26
255,302,DLN2,A04411285,全拋式採血器,1.0,2022-06-29,202206,T-不計價,True,26
256,303,DLN2,A04411285,全拋式採血器,1.0,2022-06-30,202206,T-不計價,True,26
257,304,DLN2,A04411285,全拋式採血器,1.0,2022-07-01,202207,T-不計價,True,26
258,305,DLN2,A04411285,全拋式採血器,1.0,2022-07-02,202207,T-不計價,False,26
259,306,DLN2,A04411285,全拋式採血器,1.0,2022-07-03,202207,T-不計價,False,26
260,307,DLN2,A04411285,全拋式採血器,1.0,2022-07-04,202207,T-不計價,True,27
261,308,DLN2,A04411285,全拋式採血器,1.0,2022-07-11,202207,T-不計價,True,28
262,309,DLN2,A04411285,全拋式採血器,1.0,2022-07-18,202207,T-不計價,True,29
263,310,DLN2,A04411285,全拋式採血器,1.0,2022-07-21,202207,T-不計價,True,29
264,311,DLN2,A04411285,全拋式採血器,2.0,2022-07-22,202207,T-不計價,True,29
265,312,DLN2,A04411285,全拋式採血器,1.0,2022-07-23,202207,T-不計價,False,29
266,313,DLN2,A04411285,全拋式採血器,1.0,2022-07-24,202207,T-不計價,False,29
267,314,DLN2,A04411285,全拋式採血器,1.0,2022-07-25,202207,T-不計價,True,30
268,315,DLN2,A04411285,全拋式採血器,1.0,2022-07-25,202207,T-不計價,True,30
269,316,DLN2,A04411285,全拋式採血器,1.0,2022-08-01,202208,T-不計價,True,31
270,317,DLN2,A04411285,全拋式採血器,1.0,2022-08-08,202208,T-不計價,True,32
271,318,DLN2,A04411285,全拋式採血器,1.0,2022-08-15,202208,T-不計價,True,33
272,319,DLN2,A04411285,全拋式採血器,1.0,2022-08-22,202208,T-不計價,True,34
273,320,DLN2,A04411285,全拋式採血器,3.0,2022-08-29,202208,T-不計價,True,35
274,321,DLN2,A04411285,全拋式採血器,1.0,2022-08-29,202208,T-不計價,True,35
275,322,DLN2,A04411285,全拋式採血器,1.0,2022-08-29,202208,T-不計價,True,35
276,323,DLN2,A04411285,全拋式採血器,3.0,2022-08-30,202208,T-不計價,True,35
277,324,DLN2,A04411285,全拋式採血器,2.0,2022-08-30,202208,T-不計價,True,35
278,325,DLN2,A04411285,全拋式採血器,4.0,2022-08-31,202208,T-不計價,True,35
279,326,DLN2,A04411285,全拋式採血器,3.0,2022-08-31,202208,T-不計價,True,35
280,327,DLN2,A04411285,全拋式採血器,3.0,2022-09-01,202209,T-不計價,True,35
281,328,DLN2,A04411285,全拋式採血器,4.0,2022-09-01,202209,T-不計價,True,35
282,329,DLN2,A04411285,全拋式採血器,4.0,2022-09-02,202209,T-不計價,True,35
283,330,DLN2,A04411285,全拋式採血器,3.0,2022-09-02,202209,T-不計價,True,35
284,331,DLN2,A04411285,全拋式採血器,3.0,2022-09-03,202209,T-不計價,False,35
285,332,DLN2,A04411285,全拋式採血器,4.0,2022-09-03,202209,T-不計價,False,35
286,333,DLN2,A04411285,全拋式採血器,2.0,2022-09-04,202209,T-不計價,False,35
287,334,DLN2,A04411285,全拋式採血器,4.0,2022-09-04,202209,T-不計價,False,35
288,335,DLN2,A04411285,全拋式採血器,4.0,2022-09-05,202209,T-不計價,True,36
289,336,DLN2,A04411285,全拋式採血器,3.0,2022-09-05,202209,T-不計價,True,36
290,337,DLN2,A04411285,全拋式採血器,1.0,2022-09-05,202209,T-不計價,True,36
291,338,DLN2,A04411285,全拋式採血器,1.0,2022-09-05,202209,T-不計價,True,36
292,339,DLN2,A04411285,全拋式採血器,3.0,2022-09-06,202209,T-不計價,True,36
293,340,DLN2,A04411285,全拋式採血器,4.0,2022-09-06,202209,T-不計價,True,36
294,341,DLN2,A04411285,全拋式採血器,2.0,2022-09-07,202209,T-不計價,True,36
295,342,DLN2,A04411285,全拋式採血器,3.0,2022-09-07,202209,T-不計價,True,36
296,343,DLN2,A04411285,全拋式採血器,2.0,2022-09-08,202209,T-不計價,True,36
297,344,DLN2,A04411285,全拋式採血器,3.0,2022-09-08,202209,T-不計價,True,36
298,345,DLN2,A04411285,全拋式採血器,3.0,2022-09-09,202209,T-不計價,True,36
299,346,DLN2,A04411285,全拋式採血器,2.0,2022-09-09,202209,T-不計價,True,36
300,347,DLN2,A04411285,全拋式採血器,2.0,2022-09-10,202209,T-不計價,False,36
301,348,DLN2,A04411285,全拋式採血器,2.0,2022-09-10,202209,T-不計價,False,36
302,349,DLN2,A04411285,全拋式採血器,2.0,2022-09-11,202209,T-不計價,False,36
303,350,DLN2,A04411285,全拋式採血器,2.0,2022-09-11,202209,T-不計價,False,36
304,351,DLN2,A04411285,全拋式採血器,2.0,2022-09-12,202209,T-不計價,False,37
305,352,DLN2,A04411285,全拋式採血器,1.0,2022-09-12,202209,T-不計價,False,37
306,353,DLN2,A04411285,全拋式採血器,1.0,2022-09-12,202209,T-不計價,False,37
307,354,DLN2,A04411285,全拋式採血器,3.0,2022-09-12,202209,T-不計價,False,37
308,355,DLN2,A04411285,全拋式採血器,3.0,2022-09-13,202209,T-不計價,True,37
309,356,DLN2,A04411285,全拋式採血器,2.0,2022-09-13,202209,T-不計價,True,37
310,357,DLN2,A04411285,全拋式採血器,3.0,2022-09-14,202209,T-不計價,True,37
311,358,DLN2,A04411285,全拋式採血器,2.0,2022-09-14,202209,T-不計價,True,37
312,359,DLN2,A04411285,全拋式採血器,2.0,2022-09-15,202209,T-不計價,True,37
313,360,DLN2,A04411285,全拋式採血器,3.0,2022-09-15,202209,T-不計價,True,37
314,361,DLN2,A04411285,全拋式採血器,3.0,2022-09-16,202209,T-不計價,True,37
315,362,DLN2,A04411285,全拋式採血器,1.0,2022-09-16,202209,T-不計價,True,37
316,363,DLN2,A04411285,全拋式採血器,1.0,2022-09-16,202209,T-不計價,True,37
317,364,DLN2,A04411285,全拋式採血器,3.0,2022-09-17,202209,T-不計價,False,37
318,365,DLN2,A04411285,全拋式採血器,2.0,2022-09-17,202209,T-不計價,False,37
319,366,DLN2,A04411285,全拋式採血器,2.0,2022-09-18,202209,T-不計價,False,37
320,367,DLN2,A04411285,全拋式採血器,3.0,2022-09-18,202209,T-不計價,False,37
321,368,DLN2,A04411285,全拋式採血器,1.0,2022-09-19,202209,T-不計價,True,38
322,369,DLN2,A04411285,全拋式採血器,3.0,2022-09-19,202209,T-不計價,True,38
323,370,DLN2,A04411285,全拋式採血器,2.0,2022-09-19,202209,T-不計價,True,38
324,371,DLN2,A04411285,全拋式採血器,4.0,2022-09-19,202209,T-不計價,True,38
325,372,DLN2,A04411285,全拋式採血器,2.0,2022-09-20,202209,T-不計價,True,38
326,373,DLN2,A04411285,全拋式採血器,4.0,2022-09-20,202209,T-不計價,True,38
327,374,DLN2,A04411285,全拋式採血器,3.0,2022-09-20,202209,T-不計價,True,38
328,375,DLN2,A04411285,全拋式採血器,1.0,2022-09-21,202209,T-不計價,True,38
329,376,DLN2,A04411285,全拋式採血器,2.0,2022-09-21,202209,T-不計價,True,38
330,377,DLN2,A04411285,全拋式採血器,3.0,2022-09-21,202209,T-不計價,True,38
331,378,DLN2,A04411285,全拋式採血器,2.0,2022-09-22,202209,T-不計價,True,38
332,379,DLN2,A04411285,全拋式採血器,3.0,2022-09-22,202209,T-不計價,True,38
333,380,DLN2,A04411285,全拋式採血器,2.0,2022-09-23,202209,T-不計價,True,38
334,381,DLN2,A04411285,全拋式採血器,3.0,2022-09-23,202209,T-不計價,True,38
335,382,DLN2,A04411285,全拋式採血器,3.0,2022-09-24,202209,T-不計價,False,38
336,383,DLN2,A04411285,全拋式採血器,2.0,2022-09-24,202209,T-不計價,False,38
337,384,DLN2,A04411285,全拋式採血器,2.0,2022-09-25,202209,T-不計價,False,38
338,385,DLN2,A04411285,全拋式採血器,3.0,2022-09-25,202209,T-不計價,False,38
339,386,DLN2,A04411285,全拋式採血器,2.0,2022-09-26,202209,T-不計價,True,39
340,387,DLN2,A04411285,全拋式採血器,3.0,2022-09-26,202209,T-不計價,True,39
341,388,DLN2,A04411285,全拋式採血器,1.0,2022-09-26,202209,T-不計價,True,39
342,389,DLN2,A04411285,全拋式採血器,1.0,2022-09-26,202209,T-不計價,True,39
343,390,DLN2,A04411285,全拋式採血器,2.0,2022-09-27,202209,T-不計價,True,39
344,391,DLN2,A04411285,全拋式採血器,3.0,2022-09-27,202209,T-不計價,True,39
345,392,DLN2,A04411285,全拋式採血器,2.0,2022-09-28,202209,T-不計價,True,39
346,393,DLN2,A04411285,全拋式採血器,3.0,2022-09-28,202209,T-不計價,True,39
347,394,DLN2,A04411285,全拋式採血器,2.0,2022-09-29,202209,T-不計價,True,39
348,395,DLN2,A04411285,全拋式採血器,3.0,2022-09-29,202209,T-不計價,True,39
349,396,DLN2,A04411285,全拋式採血器,2.0,2022-09-30,202209,T-不計價,True,39
350,397,DLN2,A04411285,全拋式採血器,3.0,2022-09-30,202209,T-不計價,True,39
351,398,DLN2,A04411285,全拋式採血器,3.0,2022-10-01,202210,T-不計價,False,39
352,399,DLN2,A04411285,全拋式採血器,2.0,2022-10-01,202210,T-不計價,False,39
353,400,DLN2,A04411285,全拋式採血器,2.0,2022-10-02,202210,T-不計價,False,39
354,401,DLN2,A04411285,全拋式採血器,3.0,2022-10-02,202210,T-不計價,False,39
355,402,DLN2,A04411285,全拋式採血器,2.0,2022-10-03,202210,T-不計價,False,40
356,403,DLN2,A04411285,全拋式採血器,3.0,2022-10-03,202210,T-不計價,False,40
357,404,DLN2,A04411285,全拋式採血器,1.0,2022-10-03,202210,T-不計價,False,40
358,405,DLN2,A04411285,全拋式採血器,1.0,2022-10-03,202210,T-不計價,False,40
359,406,DLN2,A04411285,全拋式採血器,3.0,2022-10-04,202210,T-不計價,False,40
360,407,DLN2,A04411285,全拋式採血器,2.0,2022-10-04,202210,T-不計價,False,40
361,408,DLN2,A04411285,全拋式採血器,3.0,2022-10-05,202210,T-不計價,False,40
362,409,DLN2,A04411285,全拋式採血器,2.0,2022-10-05,202210,T-不計價,False,40
363,410,DLN2,A04411285,全拋式採血器,2.0,2022-10-06,202210,T-不計價,False,40
364,411,DLN2,A04411285,全拋式採血器,3.0,2022-10-06,202210,T-不計價,False,40
365,412,DLN2,A04411285,全拋式採血器,2.0,2022-10-07,202210,T-不計價,False,40
366,413,DLN2,A04411285,全拋式採血器,3.0,2022-10-07,202210,T-不計價,False,40
367,414,DLN2,A04411285,全拋式採血器,3.0,2022-10-08,202210,T-不計價,True,40
368,415,DLN2,A04411285,全拋式採血器,2.0,2022-10-08,202210,T-不計價,True,40
369,416,DLN2,A04411285,全拋式採血器,2.0,2022-10-09,202210,T-不計價,True,40
370,417,DLN2,A04411285,全拋式採血器,3.0,2022-10-09,202210,T-不計價,True,40
371,418,DLN2,A04411285,全拋式採血器,3.0,2022-10-10,202210,T-不計價,True,41
372,419,DLN2,A04411285,全拋式採血器,1.0,2022-10-10,202210,T-不計價,True,41
373,420,DLN2,A04411285,全拋式採血器,2.0,2022-10-10,202210,T-不計價,True,41
374,421,DLN2,A04411285,全拋式採血器,1.0,2022-10-10,202210,T-不計價,True,41
375,422,DLN2,A04411285,全拋式採血器,2.0,2022-10-11,202210,T-不計價,True,41
376,423,DLN2,A04411285,全拋式採血器,2.0,2022-10-11,202210,T-不計價,True,41
377,424,DLN2,A04411285,全拋式採血器,1.0,2022-10-11,202210,T-不計價,True,41
378,425,DLN2,A04411285,全拋式採血器,2.0,2022-10-12,202210,T-不計價,True,41
379,426,DLN2,A04411285,全拋式採血器,3.0,2022-10-12,202210,T-不計價,True,41
380,427,DLN2,A04411285,全拋式採血器,3.0,2022-10-13,202210,T-不計價,True,41
381,428,DLN2,A04411285,全拋式採血器,2.0,2022-10-13,202210,T-不計價,True,41
382,429,DLN2,A04411285,全拋式採血器,2.0,2022-10-14,202210,T-不計價,True,41
383,430,DLN2,A04411285,全拋式採血器,3.0,2022-10-14,202210,T-不計價,True,41
384,431,DLN2,A04411285,全拋式採血器,2.0,2022-10-15,202210,T-不計價,False,41
385,432,DLN2,A04411285,全拋式採血器,3.0,2022-10-15,202210,T-不計價,False,41
386,433,DLN2,A04411285,全拋式採血器,2.0,2022-10-16,202210,T-不計價,False,41
387,434,DLN2,A04411285,全拋式採血器,3.0,2022-10-16,202210,T-不計價,False,41
388,435,DLN2,A04411285,全拋式採血器,2.0,2022-10-17,202210,T-不計價,True,42
389,436,DLN2,A04411285,全拋式採血器,3.0,2022-10-17,202210,T-不計價,True,42
390,437,DLN2,A04411285,全拋式採血器,1.0,2022-10-17,202210,T-不計價,True,42
391,438,DLN2,A04411285,全拋式採血器,2.0,2022-10-18,202210,T-不計價,True,42
392,439,DLN2,A04411285,全拋式採血器,3.0,2022-10-18,202210,T-不計價,True,42
393,440,DLN2,A04411285,全拋式採血器,1.0,2022-10-18,202210,T-不計價,True,42
394,441,DLN2,A04411285,全拋式採血器,2.0,2022-10-19,202210,T-不計價,True,42
395,442,DLN2,A04411285,全拋式採血器,3.0,2022-10-19,202210,T-不計價,True,42
396,443,DLN2,A04411285,全拋式採血器,2.0,2022-10-20,202210,T-不計價,True,42
397,444,DLN2,A04411285,全拋式採血器,3.0,2022-10-20,202210,T-不計價,True,42
398,445,DLN2,A04411285,全拋式採血器,2.0,2022-10-21,202210,T-不計價,True,42
399,446,DLN2,A04411285,全拋式採血器,3.0,2022-10-21,202210,T-不計價,True,42
400,447,DLN2,A04411285,全拋式採血器,3.0,2022-10-22,202210,T-不計價,False,42
401,448,DLN2,A04411285,全拋式採血器,2.0,2022-10-22,202210,T-不計價,False,42
402,449,DLN2,A04411285,全拋式採血器,2.0,2022-10-23,202210,T-不計價,False,42
403,450,DLN2,A04411285,全拋式採血器,3.0,2022-10-23,202210,T-不計價,False,42
404,451,DLN2,A04411285,全拋式採血器,3.0,2022-10-24,202210,T-不計價,True,43
405,452,DLN2,A04411285,全拋式採血器,1.0,2022-10-24,202210,T-不計價,True,43
406,453,DLN2,A04411285,全拋式採血器,1.0,2022-10-24,202210,T-不計價,True,43
407,454,DLN2,A04411285,全拋式採血器,1.0,2022-10-24,202210,T-不計價,True,43
408,455,DLN2,A04411285,全拋式採血器,3.0,2022-10-25,202210,T-不計價,True,43
409,456,DLN2,A04411285,全拋式採血器,3.0,2022-10-26,202210,T-不計價,True,43
410,457,DLN2,A04411285,全拋式採血器,3.0,2022-10-27,202210,T-不計價,True,43
411,458,DLN2,A04411285,全拋式採血器,3.0,2022-10-28,202210,T-不計價,True,43
412,459,DLN2,A04411285,全拋式採血器,3.0,2022-10-29,202210,T-不計價,False,43
413,460,DLN2,A04411285,全拋式採血器,3.0,2022-10-30,202210,T-不計價,False,43
414,461,DLN2,A04411285,全拋式採血器,3.0,2022-10-31,202210,T-不計價,True,44
415,462,DLN2,A04411285,全拋式採血器,1.0,2022-10-31,202210,T-不計價,True,44
416,463,DLN2,A04411285,全拋式採血器,1.0,2022-10-31,202210,T-不計價,True,44
417,464,DLN2,A04411285,全拋式採血器,3.0,2022-11-01,202211,T-不計價,True,44
418,465,DLN2,A04411285,全拋式採血器,3.0,2022-11-02,202211,T-不計價,True,44
419,466,DLN2,A04411285,全拋式採血器,3.0,2022-11-03,202211,T-不計價,True,44
420,467,DLN2,A04411285,全拋式採血器,3.0,2022-11-04,202211,T-不計價,True,44
421,468,DLN2,A04411285,全拋式採血器,3.0,2022-11-05,202211,T-不計價,False,44
422,469,DLN2,A04411285,全拋式採血器,3.0,2022-11-06,202211,T-不計價,False,44
423,470,DLN2,A04411285,全拋式採血器,3.0,2022-11-07,202211,T-不計價,True,45
424,471,DLN2,A04411285,全拋式採血器,1.0,2022-11-07,202211,T-不計價,True,45
425,472,DLN2,A04411285,全拋式採血器,3.0,2022-11-08,202211,T-不計價,True,45
426,473,DLN2,A04411285,全拋式採血器,1.0,2022-11-09,202211,T-不計價,True,45
427,474,DLN2,A04411285,全拋式採血器,2.0,2022-11-09,202211,T-不計價,True,45
428,475,DLN2,A04411285,全拋式採血器,3.0,2022-11-10,202211,T-不計價,True,45
429,476,DLN2,A04411285,全拋式採血器,3.0,2022-11-11,202211,T-不計價,True,45
430,477,DLN2,A04411285,全拋式採血器,3.0,2022-11-12,202211,T-不計價,False,45
431,478,DLN2,A04411285,全拋式採血器,3.0,2022-11-13,202211,T-不計價,False,45
432,479,DLN2,A04411285,全拋式採血器,3.0,2022-11-14,202211,T-不計價,True,46
433,480,DLN2,A04411285,全拋式採血器,1.0,2022-11-14,202211,T-不計價,True,46
434,481,DLN2,A04411285,全拋式採血器,3.0,2022-11-15,202211,T-不計價,True,46
435,482,DLN2,A04411285,全拋式採血器,1.0,2022-11-16,202211,T-不計價,True,46
436,483,DLN2,A04411285,全拋式採血器,2.0,2022-11-16,202211,T-不計價,True,46
437,484,DLN2,A04411285,全拋式採血器,1.0,2022-11-17,202211,T-不計價,True,46
438,485,DLN2,A04411285,全拋式採血器,2.0,2022-11-17,202211,T-不計價,True,46
439,486,DLN2,A04411285,全拋式採血器,3.0,2022-11-18,202211,T-不計價,True,46
440,487,DLN2,A04411285,全拋式採血器,3.0,2022-11-19,202211,T-不計價,False,46
441,488,DLN2,A04411285,全拋式採血器,3.0,2022-11-20,202211,T-不計價,False,46
442,489,DLN2,A04411285,全拋式採血器,1.0,2022-11-21,202211,T-不計價,True,47
443,490,DLN2,A04411285,全拋式採血器,3.0,2022-11-21,202211,T-不計價,True,47
444,491,DLN2,A04411285,全拋式採血器,3.0,2022-11-22,202211,T-不計價,True,47
445,492,DLN2,A04411285,全拋式採血器,3.0,2022-11-23,202211,T-不計價,True,47
446,493,DLN2,A04411285,全拋式採血器,4.0,2022-11-24,202211,T-不計價,True,47
447,494,DLN2,A04411285,全拋式採血器,3.0,2022-11-25,202211,T-不計價,True,47
448,495,DLN2,A04411285,全拋式採血器,3.0,2022-11-26,202211,T-不計價,False,47
449,496,DLN2,A04411285,全拋式採血器,3.0,2022-11-27,202211,T-不計價,False,47
450,497,DLN2,A04411285,全拋式採血器,3.0,2022-11-28,202211,T-不計價,True,48
451,498,DLN2,A04411285,全拋式採血器,1.0,2022-11-28,202211,T-不計價,True,48
452,499,DLN2,A04411285,全拋式採血器,3.0,2022-11-29,202211,T-不計價,True,48
453,500,DLN2,A04411285,全拋式採血器,3.0,2022-11-30,202211,T-不計價,True,48
454,501,DLN2,A04411285,全拋式採血器,3.0,2022-12-01,202212,T-不計價,True,48
455,502,DLN2,A04411285,全拋式採血器,3.0,2022-12-02,202212,T-不計價,True,48
456,503,DLN2,A04411285,全拋式採血器,3.0,2022-12-03,202212,T-不計價,False,48
457,504,DLN2,A04411285,全拋式採血器,3.0,2022-12-04,202212,T-不計價,False,48
458,505,DLN2,A04411285,全拋式採血器,3.0,2022-12-05,202212,T-不計價,True,49
459,506,DLN2,A04411285,全拋式採血器,1.0,2022-12-05,202212,T-不計價,True,49
460,507,DLN2,A04411285,全拋式採血器,3.0,2022-12-06,202212,T-不計價,True,49
461,508,DLN2,A04411285,全拋式採血器,3.0,2022-12-07,202212,T-不計價,True,49
462,509,DLN2,A04411285,全拋式採血器,3.0,2022-12-08,202212,T-不計價,True,49
463,510,DLN2,A04411285,全拋式採血器,3.0,2022-12-09,202212,T-不計價,True,49
464,511,DLN2,A04411285,全拋式採血器,2.0,2022-12-10,202212,T-不計價,False,49
465,512,DLN2,A04411285,全拋式採血器,3.0,2022-12-11,202212,T-不計價,False,49
466,513,DLN2,A04411285,全拋式採血器,3.0,2022-12-12,202212,T-不計價,True,50
467,514,DLN2,A04411285,全拋式採血器,1.0,2022-12-12,202212,T-不計價,True,50
468,515,DLN2,A04411285,全拋式採血器,3.0,2022-12-13,202212,T-不計價,True,50
469,516,DLN2,A04411285,全拋式採血器,3.0,2022-12-14,202212,T-不計價,True,50
470,517,DLN2,A04411285,全拋式採血器,3.0,2022-12-15,202212,T-不計價,True,50
471,518,DLN2,A04411285,全拋式採血器,3.0,2022-12-16,202212,T-不計價,True,50
472,519,DLN2,A04411285,全拋式採血器,3.0,2022-12-17,202212,T-不計價,False,50
473,520,DLN2,A04411285,全拋式採血器,3.0,2022-12-18,202212,T-不計價,False,50
474,521,DLN2,A04411285,全拋式採血器,3.0,2022-12-19,202212,T-不計價,True,51
475,522,DLN2,A04411285,全拋式採血器,1.0,2022-12-19,202212,T-不計價,True,51
476,523,DLN2,A04411285,全拋式採血器,3.0,2022-12-20,202212,T-不計價,True,51
477,524,DLN2,A04411285,全拋式採血器,3.0,2022-12-21,202212,T-不計價,True,51
478,525,DLN2,A04411285,全拋式採血器,2.0,2022-12-22,202212,T-不計價,True,51
479,526,DLN2,A04411285,全拋式採血器,3.0,2022-12-23,202212,T-不計價,True,51
480,527,DLN2,A04411285,全拋式採血器,3.0,2022-12-24,202212,T-不計價,False,51
481,528,DLN2,A04411285,全拋式採血器,3.0,2022-12-25,202212,T-不計價,False,51
482,529,DLN2,A04411285,全拋式採血器,1.0,2022-12-26,202212,T-不計價,True,52
483,530,DLN2,A04411285,全拋式採血器,3.0,2022-12-26,202212,T-不計價,True,52
484,531,DLN2,A04411285,全拋式採血器,4.0,2022-12-27,202212,T-不計價,True,52
485,532,DLN2,A04411285,全拋式採血器,3.0,2022-12-28,202212,T-不計價,True,52
486,533,DLN2,A04411285,全拋式採血器,3.0,2022-12-29,202212,T-不計價,True,52
487,534,DLN2,A04411285,全拋式採血器,4.0,2022-12-30,202212,T-不計價,True,52
488,535,DLN2,A04411285,全拋式採血器,3.0,2022-12-31,202212,T-不計價,False,52
489,536,DLN2,A04411370,胰島素筆型注射器針頭32G x 4mm,1.0,2022-01-01,202201,T-不計價,False,52
490,537,DLN2,A04411370,胰島素筆型注射器針頭32G x 4mm,1.0,2022-01-02,202201,T-不計價,False,52
491,538,DLN2,A04411370,胰島素筆型注射器針頭32G x 4mm,1.0,2022-01-03,202201,T-不計價,False,1
492,539,DLN2,A04411370,胰島素筆型注射器針頭32G x 4mm,1.0,2022-01-04,202201,T-不計價,True,1
493,540,DLN2,A04411370,胰島素筆型注射器針頭32G x 4mm,1.0,2022-01-05,202201,T-不計價,True,1
494,541,DLN2,A04411370,胰島素筆型注射器針頭32G x 4mm,1.0,2022-01-06,202201,T-不計價,True,1
495,542,DLN2,A04411370,胰島素筆型注射器針頭32G x 4mm,1.0,2022-01-07,202201,T-不計價,True,1
496,543,DLN2,A04411370,胰島素筆型注射器針頭32G x 4mm,1.0,2022-01-08,202201,T-不計價,False,1
497,544,DLN2,A04411370,胰島素筆型注射器針頭32G x 4mm,1.0,2022-01-09,202201,T-不計價,False,1
498,545,DLN2,A04411370,胰島素筆型注射器針頭32G x 4mm,1.0,2022-01-10,202201,T-不計價,True,2
499,546,DLN2,A04411370,胰島素筆型注射器針頭32G x 4mm,1.0,2022-01-11,202201,T-不計價,True,2
500,547,DLN2,A04411370,胰島素筆型注射器針頭32G x 4mm,1.0,2022-01-12,202201,T-不計價,True,2
501,548,DLN2,A04411370,胰島素筆型注射器針頭32G x 4mm,1.0,2022-04-14,202204,T-不計價,True,15
502,549,DLN2,A04411370,胰島素筆型注射器針頭32G x 4mm,1.0,2022-04-15,202204,T-不計價,True,15
503,550,DLN2,A04411370,胰島素筆型注射器針頭32G x 4mm,1.0,2022-04-16,202204,T-不計價,False,15
504,551,DLN2,A04411370,胰島素筆型注射器針頭32G x 4mm,1.0,2022-04-17,202204,T-不計價,False,15
505,552,DLN2,A04411370,胰島素筆型注射器針頭32G x 4mm,1.0,2022-04-18,202204,T-不計價,True,16
506,553,DLN2,A04411370,胰島素筆型注射器針頭32G x 4mm,1.0,2022-04-19,202204,T-不計價,True,16
507,554,DLN2,A04411370,胰島素筆型注射器針頭32G x 4mm,1.0,2022-04-20,202204,T-不計價,True,16
508,555,DLN2,A04411370,胰島素筆型注射器針頭32G x 4mm,1.0,2022-04-21,202204,T-不計價,True,16
509,556,DLN2,A04411370,胰島素筆型注射器針頭32G x 4mm,1.0,2022-04-22,202204,T-不計價,True,16
510,557,DLN2,A04411370,胰島素筆型注射器針頭32G x 4mm,1.0,2022-04-23,202204,T-不計價,False,16
511,558,DLN2,A04411370,胰島素筆型注射器針頭32G x 4mm,1.0,2022-04-24,202204,T-不計價,True,16
512,559,DLN2,A04411370,胰島素筆型注射器針頭32G x 4mm,1.0,2022-04-25,202204,T-不計價,True,17
513,560,DLN2,A04411370,胰島素筆型注射器針頭32G x 4mm,1.0,2022-04-26,202204,T-不計價,True,17
514,561,DLN2,A04411370,胰島素筆型注射器針頭32G x 4mm,1.0,2022-04-27,202204,T-不計價,True,17
515,562,DLN2,A04411370,胰島素筆型注射器針頭32G x 4mm,1.0,2022-04-28,202204,T-不計價,True,17
516,563,DLN2,A04411370,胰島素筆型注射器針頭32G x 4mm,1.0,2022-04-29,202204,T-不計價,True,17
517,564,DLN2,A04411370,胰島素筆型注射器針頭32G x 4mm,1.0,2022-04-30,202204,T-不計價,False,17
518,565,DLN2,A04411370,胰島素筆型注射器針頭32G x 4mm,1.0,2022-05-01,202205,T-不計價,False,17
519,566,DLN2,A04411370,胰島素筆型注射器針頭32G x 4mm,1.0,2022-05-02,202205,T-不計價,False,18
520,567,DLN2,A04411370,胰島素筆型注射器針頭32G x 4mm,1.0,2022-05-03,202205,T-不計價,False,18
521,568,DLN2,A04411370,胰島素筆型注射器針頭32G x 4mm,1.0,2022-05-04,202205,T-不計價,False,18
522,569,DLN2,A04411370,胰島素筆型注射器針頭32G x 4mm,1.0,2022-05-05,202205,T-不計價,True,18
523,570,DLN2,A04411370,胰島素筆型注射器針頭32G x 4mm,1.0,2022-05-06,202205,T-不計價,True,18
524,571,DLN2,A04411370,胰島素筆型注射器針頭32G x 4mm,1.0,2022-05-07,202205,T-不計價,True,18
525,572,DLN2,A04411370,胰島素筆型注射器針頭32G x 4mm,1.0,2022-05-08,202205,T-不計價,False,18
526,573,DLN2,A04411370,胰島素筆型注射器針頭32G x 4mm,1.0,2022-05-09,202205,T-不計價,True,19
527,574,DLN2,A04411370,胰島素筆型注射器針頭32G x 4mm,1.0,2022-05-10,202205,T-不計價,True,19
528,575,DLN2,A04411370,胰島素筆型注射器針頭32G x 4mm,1.0,2022-05-11,202205,T-不計價,True,19
529,576,DLN2,A04411370,胰島素筆型注射器針頭32G x 4mm,1.0,2022-05-12,202205,T-不計價,True,19
530,577,DLN2,A04411370,胰島素筆型注射器針頭32G x 4mm,1.0,2022-05-13,202205,T-不計價,True,19
531,578,DLN2,A04411370,胰島素筆型注射器針頭32G x 4mm,1.0,2022-05-14,202205,T-不計價,False,19
532,579,DLN2,A04411370,胰島素筆型注射器針頭32G x 4mm,1.0,2022-05-15,202205,T-不計價,False,19
533,580,DLN2,A04411370,胰島素筆型注射器針頭32G x 4mm,1.0,2022-05-16,202205,T-不計價,True,20
534,581,DLN2,A04411370,胰島素筆型注射器針頭32G x 4mm,1.0,2022-05-17,202205,T-不計價,True,20
535,582,DLN2,A04411370,胰島素筆型注射器針頭32G x 4mm,1.0,2022-05-18,202205,T-不計價,True,20
536,583,DLN2,A04411370,胰島素筆型注射器針頭32G x 4mm,1.0,2022-05-19,202205,T-不計價,True,20
537,584,DLN2,A04411370,胰島素筆型注射器針頭32G x 4mm,1.0,2022-05-20,202205,T-不計價,True,20
538,585,DLN2,A04411370,胰島素筆型注射器針頭32G x 4mm,1.0,2022-05-21,202205,T-不計價,False,20
539,586,DLN2,A04411370,胰島素筆型注射器針頭32G x 4mm,1.0,2022-05-22,202205,T-不計價,False,20
540,587,DLN2,A04411370,胰島素筆型注射器針頭32G x 4mm,1.0,2022-05-23,202205,T-不計價,True,21
541,588,DLN2,A04411370,胰島素筆型注射器針頭32G x 4mm,1.0,2022-05-24,202205,T-不計價,True,21
542,589,DLN2,A04411370,胰島素筆型注射器針頭32G x 4mm,1.0,2022-05-25,202205,T-不計價,True,21
543,590,DLN2,A04411370,胰島素筆型注射器針頭32G x 4mm,1.0,2022-05-26,202205,T-不計價,True,21
544,591,DLN2,A04411370,胰島素筆型注射器針頭32G x 4mm,1.0,2022-05-27,202205,T-不計價,True,21
545,592,DLN2,A04411370,胰島素筆型注射器針頭32G x 4mm,1.0,2022-05-28,202205,T-不計價,False,21
546,593,DLN2,A04411370,胰島素筆型注射器針頭32G x 4mm,1.0,2022-05-29,202205,T-不計價,False,21
547,594,DLN2,A04411370,胰島素筆型注射器針頭32G x 4mm,1.0,2022-05-30,202205,T-不計價,True,22
548,595,DLN2,A04411370,胰島素筆型注射器針頭32G x 4mm,1.0,2022-05-31,202205,T-不計價,True,22
549,596,DLN2,A04411370,胰島素筆型注射器針頭32G x 4mm,1.0,2022-06-01,202206,T-不計價,True,22
550,597,DLN2,A04411370,胰島素筆型注射器針頭32G x 4mm,1.0,2022-06-02,202206,T-不計價,True,22
551,598,DLN2,A04411370,胰島素筆型注射器針頭32G x 4mm,1.0,2022-06-03,202206,T-不計價,False,22
552,599,DLN2,A04411370,胰島素筆型注射器針頭32G x 4mm,1.0,2022-06-04,202206,T-不計價,False,22
553,600,DLN2,A04411370,胰島素筆型注射器針頭32G x 4mm,1.0,2022-06-05,202206,T-不計價,False,22
554,601,DLN2,A04411370,胰島素筆型注射器針頭32G x 4mm,1.0,2022-06-06,202206,T-不計價,True,23
555,602,DLN2,A04411370,胰島素筆型注射器針頭32G x 4mm,1.0,2022-06-07,202206,T-不計價,True,23
556,603,DLN2,A04411370,胰島素筆型注射器針頭32G x 4mm,1.0,2022-06-08,202206,T-不計價,True,23
557,604,DLN2,A04411370,胰島素筆型注射器針頭32G x 4mm,1.0,2022-08-30,202208,T-不計價,True,35
558,605,DLN2,A04411370,胰島素筆型注射器針頭32G x 4mm,1.0,2022-08-30,202208,T-不計價,True,35
559,606,DLN2,A04411370,胰島素筆型注射器針頭32G x 4mm,1.0,2022-08-31,202208,T-不計價,True,35
560,607,DLN2,A04411370,胰島素筆型注射器針頭32G x 4mm,1.0,2022-08-31,202208,T-不計價,True,35
561,608,DLN2,A04411370,胰島素筆型注射器針頭32G x 4mm,1.0,2022-09-01,202209,T-不計價,True,35
562,609,DLN2,A04411370,胰島素筆型注射器針頭32G x 4mm,1.0,2022-09-01,202209,T-不計價,True,35
563,610,DLN2,A04411370,胰島素筆型注射器針頭32G x 4mm,1.0,2022-09-02,202209,T-不計價,True,35
564,611,DLN2,A04411370,胰島素筆型注射器針頭32G x 4mm,1.0,2022-09-02,202209,T-不計價,True,35
565,612,DLN2,A04411370,胰島素筆型注射器針頭32G x 4mm,1.0,2022-09-03,202209,T-不計價,False,35
566,613,DLN2,A04411370,胰島素筆型注射器針頭32G x 4mm,1.0,2022-09-03,202209,T-不計價,False,35
567,614,DLN2,A04411370,胰島素筆型注射器針頭32G x 4mm,1.0,2022-09-04,202209,T-不計價,False,35
568,615,DLN2,A04411370,胰島素筆型注射器針頭32G x 4mm,1.0,2022-09-04,202209,T-不計價,False,35
569,616,DLN2,A04411370,胰島素筆型注射器針頭32G x 4mm,1.0,2022-09-05,202209,T-不計價,True,36
570,617,DLN2,A04411370,胰島素筆型注射器針頭32G x 4mm,1.0,2022-09-05,202209,T-不計價,True,36
571,618,DLN2,A04411370,胰島素筆型注射器針頭32G x 4mm,1.0,2022-09-06,202209,T-不計價,True,36
572,619,DLN2,A04411370,胰島素筆型注射器針頭32G x 4mm,1.0,2022-09-06,202209,T-不計價,True,36
573,620,DLN2,A04411370,胰島素筆型注射器針頭32G x 4mm,1.0,2022-09-07,202209,T-不計價,True,36
574,621,DLN2,A04411370,胰島素筆型注射器針頭32G x 4mm,1.0,2022-09-07,202209,T-不計價,True,36
575,622,DLN2,A04411370,胰島素筆型注射器針頭32G x 4mm,1.0,2022-09-08,202209,T-不計價,True,36
576,623,DLN2,A04411370,胰島素筆型注射器針頭32G x 4mm,1.0,2022-09-08,202209,T-不計價,True,36
577,624,DLN2,A04411370,胰島素筆型注射器針頭32G x 4mm,1.0,2022-09-09,202209,T-不計價,True,36
578,625,DLN2,A04411370,胰島素筆型注射器針頭32G x 4mm,1.0,2022-09-09,202209,T-不計價,True,36
579,626,DLN2,A04411370,胰島素筆型注射器針頭32G x 4mm,1.0,2022-09-10,202209,T-不計價,False,36
580,627,DLN2,A04411370,胰島素筆型注射器針頭32G x 4mm,1.0,2022-09-10,202209,T-不計價,False,36
581,628,DLN2,A04411370,胰島素筆型注射器針頭32G x 4mm,1.0,2022-09-11,202209,T-不計價,False,36
582,629,DLN2,A04411370,胰島素筆型注射器針頭32G x 4mm,1.0,2022-09-11,202209,T-不計價,False,36
583,630,DLN2,A04411370,胰島素筆型注射器針頭32G x 4mm,1.0,2022-09-12,202209,T-不計價,False,37
584,631,DLN2,A04411370,胰島素筆型注射器針頭32G x 4mm,1.0,2022-09-12,202209,T-不計價,False,37
585,632,DLN2,A04411370,胰島素筆型注射器針頭32G x 4mm,1.0,2022-09-13,202209,T-不計價,True,37
586,633,DLN2,A04411370,胰島素筆型注射器針頭32G x 4mm,1.0,2022-09-13,202209,T-不計價,True,37
587,634,DLN2,A04411370,胰島素筆型注射器針頭32G x 4mm,1.0,2022-09-14,202209,T-不計價,True,37
588,635,DLN2,A04411370,胰島素筆型注射器針頭32G x 4mm,1.0,2022-09-14,202209,T-不計價,True,37
589,636,DLN2,A04411370,胰島素筆型注射器針頭32G x 4mm,1.0,2022-09-15,202209,T-不計價,True,37
590,637,DLN2,A04411370,胰島素筆型注射器針頭32G x 4mm,1.0,2022-09-15,202209,T-不計價,True,37
591,638,DLN2,A04411370,胰島素筆型注射器針頭32G x 4mm,1.0,2022-09-16,202209,T-不計價,True,37
592,639,DLN2,A04411370,胰島素筆型注射器針頭32G x 4mm,1.0,2022-09-16,202209,T-不計價,True,37
593,640,DLN2,A04411370,胰島素筆型注射器針頭32G x 4mm,1.0,2022-09-17,202209,T-不計價,False,37
594,641,DLN2,A04411370,胰島素筆型注射器針頭32G x 4mm,1.0,2022-09-17,202209,T-不計價,False,37
595,642,DLN2,A04411370,胰島素筆型注射器針頭32G x 4mm,1.0,2022-09-18,202209,T-不計價,False,37
596,643,DLN2,A04411370,胰島素筆型注射器針頭32G x 4mm,1.0,2022-09-18,202209,T-不計價,False,37
597,644,DLN2,A04411370,胰島素筆型注射器針頭32G x 4mm,1.0,2022-09-19,202209,T-不計價,True,38
598,645,DLN2,A04411370,胰島素筆型注射器針頭32G x 4mm,1.0,2022-09-19,202209,T-不計價,True,38
599,646,DLN2,A04411370,胰島素筆型注射器針頭32G x 4mm,1.0,2022-09-20,202209,T-不計價,True,38
600,647,DLN2,A04411370,胰島素筆型注射器針頭32G x 4mm,1.0,2022-09-20,202209,T-不計價,True,38
601,648,DLN2,A04411370,胰島素筆型注射器針頭32G x 4mm,1.0,2022-09-21,202209,T-不計價,True,38
602,649,DLN2,A04411370,胰島素筆型注射器針頭32G x 4mm,1.0,2022-09-21,202209,T-不計價,True,38
603,650,DLN2,A04411370,胰島素筆型注射器針頭32G x 4mm,1.0,2022-09-22,202209,T-不計價,True,38
604,651,DLN2,A04411370,胰島素筆型注射器針頭32G x 4mm,1.0,2022-09-22,202209,T-不計價,True,38
605,652,DLN2,A04411370,胰島素筆型注射器針頭32G x 4mm,1.0,2022-09-23,202209,T-不計價,True,38
606,653,DLN2,A04411370,胰島素筆型注射器針頭32G x 4mm,1.0,2022-09-23,202209,T-不計價,True,38
607,654,DLN2,A04411370,胰島素筆型注射器針頭32G x 4mm,1.0,2022-09-24,202209,T-不計價,False,38
608,655,DLN2,A04411370,胰島素筆型注射器針頭32G x 4mm,1.0,2022-09-24,202209,T-不計價,False,38
609,656,DLN2,A04411370,胰島素筆型注射器針頭32G x 4mm,1.0,2022-09-25,202209,T-不計價,False,38
610,657,DLN2,A04411370,胰島素筆型注射器針頭32G x 4mm,1.0,2022-09-25,202209,T-不計價,False,38
611,658,DLN2,A04411370,胰島素筆型注射器針頭32G x 4mm,1.0,2022-09-26,202209,T-不計價,True,39
612,659,DLN2,A04411370,胰島素筆型注射器針頭32G x 4mm,1.0,2022-09-26,202209,T-不計價,True,39
613,660,DLN2,A04411370,胰島素筆型注射器針頭32G x 4mm,1.0,2022-09-27,202209,T-不計價,True,39
614,661,DLN2,A04411370,胰島素筆型注射器針頭32G x 4mm,1.0,2022-09-27,202209,T-不計價,True,39
615,662,DLN2,A04411370,胰島素筆型注射器針頭32G x 4mm,1.0,2022-09-28,202209,T-不計價,True,39
616,663,DLN2,A04411370,胰島素筆型注射器針頭32G x 4mm,1.0,2022-09-28,202209,T-不計價,True,39
617,664,DLN2,A04411370,胰島素筆型注射器針頭32G x 4mm,1.0,2022-09-29,202209,T-不計價,True,39
618,665,DLN2,A04411370,胰島素筆型注射器針頭32G x 4mm,1.0,2022-09-29,202209,T-不計價,True,39
619,666,DLN2,A04411370,胰島素筆型注射器針頭32G x 4mm,1.0,2022-09-30,202209,T-不計價,True,39
620,667,DLN2,A04411370,胰島素筆型注射器針頭32G x 4mm,1.0,2022-09-30,202209,T-不計價,True,39
621,668,DLN2,A04411370,胰島素筆型注射器針頭32G x 4mm,1.0,2022-10-01,202210,T-不計價,False,39
622,669,DLN2,A04411370,胰島素筆型注射器針頭32G x 4mm,1.0,2022-10-01,202210,T-不計價,False,39
623,670,DLN2,A04411370,胰島素筆型注射器針頭32G x 4mm,1.0,2022-10-02,202210,T-不計價,False,39
624,671,DLN2,A04411370,胰島素筆型注射器針頭32G x 4mm,1.0,2022-10-02,202210,T-不計價,False,39
625,672,DLN2,A04411370,胰島素筆型注射器針頭32G x 4mm,1.0,2022-10-03,202210,T-不計價,False,40
626,673,DLN2,A04411370,胰島素筆型注射器針頭32G x 4mm,1.0,2022-10-03,202210,T-不計價,False,40
627,674,DLN2,A04411370,胰島素筆型注射器針頭32G x 4mm,1.0,2022-10-04,202210,T-不計價,False,40
628,675,DLN2,A04411370,胰島素筆型注射器針頭32G x 4mm,1.0,2022-10-04,202210,T-不計價,False,40
629,676,DLN2,A04411370,胰島素筆型注射器針頭32G x 4mm,1.0,2022-10-05,202210,T-不計價,False,40
630,677,DLN2,A04411370,胰島素筆型注射器針頭32G x 4mm,1.0,2022-10-05,202210,T-不計價,False,40
631,678,DLN2,A04411370,胰島素筆型注射器針頭32G x 4mm,1.0,2022-10-06,202210,T-不計價,False,40
632,679,DLN2,A04411370,胰島素筆型注射器針頭32G x 4mm,1.0,2022-10-06,202210,T-不計價,False,40
633,680,DLN2,A04411370,胰島素筆型注射器針頭32G x 4mm,1.0,2022-10-07,202210,T-不計價,False,40
634,681,DLN2,A04411370,胰島素筆型注射器針頭32G x 4mm,1.0,2022-10-07,202210,T-不計價,False,40
635,682,DLN2,A04411370,胰島素筆型注射器針頭32G x 4mm,1.0,2022-10-08,202210,T-不計價,True,40
636,683,DLN2,A04411370,胰島素筆型注射器針頭32G x 4mm,1.0,2022-10-08,202210,T-不計價,True,40
637,684,DLN2,A04411370,胰島素筆型注射器針頭32G x 4mm,1.0,2022-10-09,202210,T-不計價,True,40
638,685,DLN2,A04411370,胰島素筆型注射器針頭32G x 4mm,1.0,2022-10-09,202210,T-不計價,True,40
639,686,DLN2,A04411370,胰島素筆型注射器針頭32G x 4mm,1.0,2022-10-10,202210,T-不計價,True,41
640,687,DLN2,A04411370,胰島素筆型注射器針頭32G x 4mm,1.0,2022-10-10,202210,T-不計價,True,41
641,688,DLN2,A04411370,胰島素筆型注射器針頭32G x 4mm,1.0,2022-10-11,202210,T-不計價,True,41
642,689,DLN2,A04411370,胰島素筆型注射器針頭32G x 4mm,1.0,2022-10-11,202210,T-不計價,True,41
643,690,DLN2,A04411370,胰島素筆型注射器針頭32G x 4mm,1.0,2022-10-12,202210,T-不計價,True,41
644,691,DLN2,A04411370,胰島素筆型注射器針頭32G x 4mm,1.0,2022-10-12,202210,T-不計價,True,41
645,692,DLN2,A04411370,胰島素筆型注射器針頭32G x 4mm,1.0,2022-10-13,202210,T-不計價,True,41
646,693,DLN2,A04411370,胰島素筆型注射器針頭32G x 4mm,1.0,2022-10-13,202210,T-不計價,True,41
647,694,DLN2,A04411370,胰島素筆型注射器針頭32G x 4mm,1.0,2022-10-14,202210,T-不計價,True,41
648,695,DLN2,A04411370,胰島素筆型注射器針頭32G x 4mm,1.0,2022-10-14,202210,T-不計價,True,41
649,696,DLN2,A04411370,胰島素筆型注射器針頭32G x 4mm,1.0,2022-10-15,202210,T-不計價,False,41
650,697,DLN2,A04411370,胰島素筆型注射器針頭32G x 4mm,1.0,2022-10-15,202210,T-不計價,False,41
651,698,DLN2,A04411370,胰島素筆型注射器針頭32G x 4mm,1.0,2022-10-16,202210,T-不計價,False,41
652,699,DLN2,A04411370,胰島素筆型注射器針頭32G x 4mm,1.0,2022-10-16,202210,T-不計價,False,41
653,700,DLN2,A04411370,胰島素筆型注射器針頭32G x 4mm,1.0,2022-10-17,202210,T-不計價,True,42
654,701,DLN2,A04411370,胰島素筆型注射器針頭32G x 4mm,1.0,2022-10-17,202210,T-不計價,True,42
655,702,DLN2,A04411370,胰島素筆型注射器針頭32G x 4mm,1.0,2022-10-18,202210,T-不計價,True,42
656,703,DLN2,A04411370,胰島素筆型注射器針頭32G x 4mm,1.0,2022-10-18,202210,T-不計價,True,42
657,704,DLN2,A04411370,胰島素筆型注射器針頭32G x 4mm,1.0,2022-10-19,202210,T-不計價,True,42
658,705,DLN2,A04411370,胰島素筆型注射器針頭32G x 4mm,1.0,2022-10-19,202210,T-不計價,True,42
659,706,DLN2,A04411370,胰島素筆型注射器針頭32G x 4mm,1.0,2022-10-20,202210,T-不計價,True,42
660,707,DLN2,A04411370,胰島素筆型注射器針頭32G x 4mm,1.0,2022-10-20,202210,T-不計價,True,42
661,708,DLN2,A04411370,胰島素筆型注射器針頭32G x 4mm,1.0,2022-10-21,202210,T-不計價,True,42
662,709,DLN2,A04411370,胰島素筆型注射器針頭32G x 4mm,1.0,2022-10-21,202210,T-不計價,True,42
663,710,DLN2,A04411370,胰島素筆型注射器針頭32G x 4mm,1.0,2022-10-22,202210,T-不計價,False,42
664,711,DLN2,A04411370,胰島素筆型注射器針頭32G x 4mm,1.0,2022-10-22,202210,T-不計價,False,42
665,712,DLN2,A04411370,胰島素筆型注射器針頭32G x 4mm,1.0,2022-10-23,202210,T-不計價,False,42
666,713,DLN2,A04411370,胰島素筆型注射器針頭32G x 4mm,1.0,2022-10-23,202210,T-不計價,False,42
667,714,DLN2,A04411370,胰島素筆型注射器針頭32G x 4mm,1.0,2022-10-24,202210,T-不計價,True,43
668,715,DLN2,A04411370,胰島素筆型注射器針頭32G x 4mm,1.0,2022-10-25,202210,T-不計價,True,43
669,716,DLN2,A04411370,胰島素筆型注射器針頭32G x 4mm,1.0,2022-10-26,202210,T-不計價,True,43
670,717,DLN2,A04411370,胰島素筆型注射器針頭32G x 4mm,1.0,2022-10-27,202210,T-不計價,True,43
671,718,DLN2,A04411370,胰島素筆型注射器針頭32G x 4mm,1.0,2022-10-28,202210,T-不計價,True,43
672,719,DLN2,A04411370,胰島素筆型注射器針頭32G x 4mm,1.0,2022-10-29,202210,T-不計價,False,43
673,720,DLN2,A04411370,胰島素筆型注射器針頭32G x 4mm,1.0,2022-10-30,202210,T-不計價,False,43
674,721,DLN2,A04411370,胰島素筆型注射器針頭32G x 4mm,1.0,2022-10-31,202210,T-不計價,True,44
675,722,DLN2,A04411370,胰島素筆型注射器針頭32G x 4mm,1.0,2022-11-01,202211,T-不計價,True,44
676,723,DLN2,A04411370,胰島素筆型注射器針頭32G x 4mm,1.0,2022-11-02,202211,T-不計價,True,44
677,724,DLN2,A04411370,胰島素筆型注射器針頭32G x 4mm,1.0,2022-11-03,202211,T-不計價,True,44
678,725,DLN2,A04411370,胰島素筆型注射器針頭32G x 4mm,1.0,2022-11-04,202211,T-不計價,True,44
679,726,DLN2,A04411370,胰島素筆型注射器針頭32G x 4mm,1.0,2022-11-05,202211,T-不計價,False,44
680,727,DLN2,A04411370,胰島素筆型注射器針頭32G x 4mm,1.0,2022-11-06,202211,T-不計價,False,44
681,728,DLN2,A04411370,胰島素筆型注射器針頭32G x 4mm,1.0,2022-11-07,202211,T-不計價,True,45
682,729,DLN2,A04411370,胰島素筆型注射器針頭32G x 4mm,1.0,2022-11-08,202211,T-不計價,True,45
683,730,DLN2,A04411370,胰島素筆型注射器針頭32G x 4mm,1.0,2022-11-09,202211,T-不計價,True,45
684,731,DLN2,A04411370,胰島素筆型注射器針頭32G x 4mm,1.0,2022-11-10,202211,T-不計價,True,45
685,732,DLN2,A04411370,胰島素筆型注射器針頭32G x 4mm,1.0,2022-11-11,202211,T-不計價,True,45
686,733,DLN2,A04411370,胰島素筆型注射器針頭32G x 4mm,1.0,2022-11-12,202211,T-不計價,False,45
687,734,DLN2,A04411370,胰島素筆型注射器針頭32G x 4mm,1.0,2022-11-13,202211,T-不計價,False,45
688,735,DLN2,A04411370,胰島素筆型注射器針頭32G x 4mm,1.0,2022-11-14,202211,T-不計價,True,46
689,736,DLN2,A04411370,胰島素筆型注射器針頭32G x 4mm,1.0,2022-11-15,202211,T-不計價,True,46
690,737,DLN2,A04411370,胰島素筆型注射器針頭32G x 4mm,1.0,2022-11-16,202211,T-不計價,True,46
691,738,DLN2,A04411370,胰島素筆型注射器針頭32G x 4mm,1.0,2022-11-17,202211,T-不計價,True,46
692,739,DLN2,A04411370,胰島素筆型注射器針頭32G x 4mm,1.0,2022-11-18,202211,T-不計價,True,46
693,740,DLN2,A04411370,胰島素筆型注射器針頭32G x 4mm,1.0,2022-11-19,202211,T-不計價,False,46
694,741,DLN2,A04411370,胰島素筆型注射器針頭32G x 4mm,1.0,2022-11-20,202211,T-不計價,False,46
695,742,DLN2,A04411370,胰島素筆型注射器針頭32G x 4mm,1.0,2022-11-21,202211,T-不計價,True,47
696,743,DLN2,A04411370,胰島素筆型注射器針頭32G x 4mm,1.0,2022-11-22,202211,T-不計價,True,47
697,744,DLN2,A04411370,胰島素筆型注射器針頭32G x 4mm,1.0,2022-11-23,202211,T-不計價,True,47
698,745,DLN2,A04411370,胰島素筆型注射器針頭32G x 4mm,1.0,2022-11-24,202211,T-不計價,True,47
699,746,DLN2,A04411370,胰島素筆型注射器針頭32G x 4mm,1.0,2022-11-25,202211,T-不計價,True,47
700,747,DLN2,A04411370,胰島素筆型注射器針頭32G x 4mm,1.0,2022-11-26,202211,T-不計價,False,47
701,748,DLN2,A04411370,胰島素筆型注射器針頭32G x 4mm,1.0,2022-11-27,202211,T-不計價,False,47
702,749,DLN2,A04411370,胰島素筆型注射器針頭32G x 4mm,1.0,2022-11-28,202211,T-不計價,True,48
703,750,DLN2,A04411370,胰島素筆型注射器針頭32G x 4mm,1.0,2022-11-29,202211,T-不計價,True,48
704,751,DLN2,A04411370,胰島素筆型注射器針頭32G x 4mm,1.0,2022-11-30,202211,T-不計價,True,48
705,752,DLN2,A04411370,胰島素筆型注射器針頭32G x 4mm,1.0,2022-12-01,202212,T-不計價,True,48
706,753,DLN2,A04411370,胰島素筆型注射器針頭32G x 4mm,1.0,2022-12-02,202212,T-不計價,True,48
707,754,DLN2,A04411370,胰島素筆型注射器針頭32G x 4mm,1.0,2022-12-03,202212,T-不計價,False,48
708,755,DLN2,A04411370,胰島素筆型注射器針頭32G x 4mm,1.0,2022-12-04,202212,T-不計價,False,48
709,756,DLN2,A04411370,胰島素筆型注射器針頭32G x 4mm,1.0,2022-12-05,202212,T-不計價,True,49
710,757,DLN2,A04411370,胰島素筆型注射器針頭32G x 4mm,1.0,2022-12-06,202212,T-不計價,True,49
711,758,DLN2,A04411370,胰島素筆型注射器針頭32G x 4mm,1.0,2022-12-07,202212,T-不計價,True,49
712,759,DLN2,A04411370,胰島素筆型注射器針頭32G x 4mm,1.0,2022-12-08,202212,T-不計價,True,49
713,760,DLN2,A04411370,胰島素筆型注射器針頭32G x 4mm,1.0,2022-12-09,202212,T-不計價,True,49
714,761,DLN2,A04411370,胰島素筆型注射器針頭32G x 4mm,1.0,2022-12-10,202212,T-不計價,False,49
715,762,DLN2,A04411370,胰島素筆型注射器針頭32G x 4mm,1.0,2022-12-11,202212,T-不計價,False,49
716,763,DLN2,A04411370,胰島素筆型注射器針頭32G x 4mm,1.0,2022-12-12,202212,T-不計價,True,50
717,764,DLN2,A04411370,胰島素筆型注射器針頭32G x 4mm,1.0,2022-12-20,202212,T-不計價,True,51
718,765,DLN2,A04411370,胰島素筆型注射器針頭32G x 4mm,-1.0,2022-12-20,202212,T-不計價,True,51
719,766,DLN2,B03106859,人工薄膜,1.0,2022-01-03,202201,T-不計價,False,1
720,767,DLN2,B03106859,人工薄膜,1.0,2022-01-24,202201,T-不計價,True,4
721,768,DLN2,B03106859,人工薄膜,2.0,2022-01-25,202201,T-不計價,True,4
722,769,DLN2,B03106859,人工薄膜,2.0,2022-01-26,202201,T-不計價,True,4
723,770,DLN2,B03106859,人工薄膜,1.0,2022-01-27,202201,T-不計價,True,4
724,771,DLN2,B03106859,人工薄膜,1.0,2022-05-04,202205,T-不計價,False,18
725,772,DLN2,B03106859,人工薄膜,2.0,2022-05-05,202205,T-不計價,True,18
726,773,DLN2,B03106859,人工薄膜,1.0,2022-05-06,202205,T-不計價,True,18
727,774,DLN2,B03106859,人工薄膜,1.0,2022-05-06,202205,T-不計價,True,18
728,775,DLN2,B03106859,人工薄膜,1.0,2022-05-07,202205,T-不計價,True,18
729,776,DLN2,B03106859,人工薄膜,3.0,2022-05-08,202205,T-不計價,False,18
730,777,DLN2,B03106859,人工薄膜,3.0,2022-06-03,202206,T-不計價,False,22
731,778,DLN2,B03106859,人工薄膜,1.0,2022-06-07,202206,T-不計價,True,23
732,779,DLN2,B03106859,人工薄膜,1.0,2022-06-29,202206,T-不計價,True,26
733,780,DLN2,B03106859,人工薄膜,1.0,2022-10-22,202210,T-不計價,False,42
734,781,DLN2,B03106859,人工薄膜,1.0,2022-10-23,202210,T-不計價,False,42
735,782,DLN2,B03106859,人工薄膜,1.0,2022-10-25,202210,T-不計價,True,43
736,783,DLN2,B03106859,人工薄膜,1.0,2022-12-17,202212,T-不計價,False,50
737,784,DLN2,B03106859,人工薄膜,1.0,2022-12-19,202212,T-不計價,True,51
738,785,DLN2,B03106859,人工薄膜,1.0,2022-12-21,202212,T-不計價,True,51
739,786,DLN2,B03106859,人工薄膜,2.0,2022-12-22,202212,T-不計價,True,51
740,787,DLN2,B03106859,人工薄膜,1.0,2022-12-24,202212,T-不計價,False,51
741,788,DLN2,B04150042,免縫膠布,1.0,2022-10-22,202210,T-不計價,False,42
742,789,DLN2,C00211075,橡皮導尿管1wayNo14美規,1.0,2022-05-02,202205,T-不計價,False,18
743,790,DLN2,C00211075,橡皮導尿管1wayNo14美規,1.0,2022-05-03,202205,T-不計價,False,18
744,791,DLN2,C00211075,橡皮導尿管1wayNo14美規,1.0,2022-05-04,202205,T-不計價,False,18
745,792,DLN2,C02113123,抽痰管，內含手控接頭,1.0,2022-01-24,202201,T-不計價,True,4
746,793,DLN2,C02113123,抽痰管，內含手控接頭,1.0,2022-07-12,202207,T-不計價,True,28
747,794,DLN2,C02723000,氧氣鼻管 O2雙管 2-Way,1.0,2022-05-08,202205,T-不計價,False,18
748,795,DLN2,C13830005,IV注射帽,1.0,2022-01-24,202201,C-計價,True,4
749,796,DLN2,C13830005,IV注射帽,1.0,2022-12-17,202212,C-計價,False,50
750,797,DLN2,C13930399,T型連接管,1.0,2022-01-03,202201,C-計價,False,1
751,798,DLN2,C13930399,T型連接管,1.0,2022-01-24,202201,C-計價,True,4
752,799,DLN2,C13930399,T型連接管,2.0,2022-01-25,202201,C-計價,True,4
753,800,DLN2,C13930399,T型連接管,2.0,2022-01-26,202201,C-計價,True,4
754,801,DLN2,C13930399,T型連接管,1.0,2022-01-27,202201,C-計價,True,4
755,802,DLN2,C13930399,T型連接管,1.0,2022-05-04,202205,C-計價,False,18
756,803,DLN2,C13930399,T型連接管,1.0,2022-05-05,202205,C-計價,True,18
757,804,DLN2,C13930399,T型連接管,1.0,2022-05-06,202205,C-計價,True,18
758,805,DLN2,C13930399,T型連接管,1.0,2022-05-07,202205,C-計價,True,18
759,806,DLN2,C13930399,T型連接管,2.0,2022-06-03,202206,C-計價,False,22
760,807,DLN2,C13930399,T型連接管,1.0,2022-06-07,202206,C-計價,True,23
761,808,DLN2,C13930399,T型連接管,1.0,2022-06-29,202206,C-計價,True,26
762,809,DLN2,C13930399,T型連接管,1.0,2022-12-17,202212,C-計價,False,50
763,810,DLN2,C13930399,T型連接管,1.0,2022-12-19,202212,C-計價,True,51
764,811,DLN2,C13930399,T型連接管,1.0,2022-12-22,202212,C-計價,True,51
765,812,DLN2,C13930399,T型連接管,1.0,2022-12-24,202212,C-計價,False,51
766,813,DLN2,C13931431,安全注射器回拉式3ml,1.0,2022-01-03,202201,T-不計價,False,1
767,814,DLN2,C13931431,安全注射器回拉式3ml,1.0,2022-01-25,202201,T-不計價,True,4
768,815,DLN2,C13931431,安全注射器回拉式3ml,4.0,2022-02-28,202202,T-不計價,True,9
769,816,DLN2,C13931431,安全注射器回拉式3ml,1.0,2022-04-26,202204,T-不計價,True,17
770,817,DLN2,C13931431,安全注射器回拉式3ml,1.0,2022-05-04,202205,T-不計價,False,18
771,818,DLN2,C13931431,安全注射器回拉式3ml,1.0,2022-05-05,202205,T-不計價,True,18
772,819,DLN2,C13931431,安全注射器回拉式3ml,0.0,2022-05-16,202205,T-不計價,True,20
773,820,DLN2,C13931431,安全注射器回拉式3ml,1.0,2022-06-04,202206,T-不計價,False,22
774,821,DLN2,C13931431,安全注射器回拉式3ml,1.0,2022-06-05,202206,T-不計價,False,22
775,822,DLN2,C13931431,安全注射器回拉式3ml,1.0,2022-06-06,202206,T-不計價,True,23
776,823,DLN2,C13931431,安全注射器回拉式3ml,2.0,2022-06-07,202206,T-不計價,True,23
777,824,DLN2,C13931431,安全注射器回拉式3ml,1.0,2022-06-08,202206,T-不計價,True,23
778,825,DLN2,C13931431,安全注射器回拉式3ml,1.0,2022-06-29,202206,T-不計價,True,26
779,826,DLN2,C13931431,安全注射器回拉式3ml,1.0,2022-08-30,202208,T-不計價,True,35
780,827,DLN2,C13931431,安全注射器回拉式3ml,1.0,2022-10-30,202210,T-不計價,False,43
781,828,DLN2,C13931431,安全注射器回拉式3ml,1.0,2022-11-22,202211,T-不計價,True,47
782,829,DLN2,C13931431,安全注射器回拉式3ml,2.0,2022-12-17,202212,T-不計價,False,50
783,830,DLN2,C13931431,安全注射器回拉式3ml,1.0,2022-12-21,202212,T-不計價,True,51
784,831,DLN2,C13931431,安全注射器回拉式3ml,1.0,2022-12-22,202212,T-不計價,True,51
785,832,DLN2,C13931457,安全注射器回拉式5ML,2.0,2022-06-03,202206,T-不計價,False,22
786,833,DLN2,C13931457,安全注射器回拉式5ML,1.0,2022-06-29,202206,T-不計價,True,26
787,834,DLN2,G81500272,血糖試紙,1.0,2022-01-03,202201,T-不計價,False,1
788,835,DLN2,G81500272,血糖試紙,1.0,2022-01-03,202201,T-不計價,False,1
789,836,DLN2,G81500272,血糖試紙,1.0,2022-01-10,202201,T-不計價,True,2
790,837,DLN2,G81500272,血糖試紙,1.0,2022-01-10,202201,T-不計價,True,2
791,838,DLN2,G81500272,血糖試紙,1.0,2022-01-17,202201,T-不計價,True,3
792,839,DLN2,G81500272,血糖試紙,1.0,2022-01-24,202201,T-不計價,True,4
793,840,DLN2,G81500272,血糖試紙,1.0,2022-01-31,202201,T-不計價,False,5
794,841,DLN2,G81500272,血糖試紙,1.0,2022-02-07,202202,T-不計價,True,6
795,842,DLN2,G81500272,血糖試紙,1.0,2022-02-14,202202,T-不計價,True,7
796,843,DLN2,G81500272,血糖試紙,1.0,2022-02-21,202202,T-不計價,True,8
797,844,DLN2,G81500272,血糖試紙,1.0,2022-02-28,202202,T-不計價,True,9
798,845,DLN2,G81500272,血糖試紙,1.0,2022-03-07,202203,T-不計價,True,10
799,846,DLN2,G81500272,血糖試紙,1.0,2022-03-14,202203,T-不計價,True,11
800,847,DLN2,G81500272,血糖試紙,1.0,2022-03-21,202203,T-不計價,True,12
801,848,DLN2,G81500272,血糖試紙,1.0,2022-03-28,202203,T-不計價,True,13
802,849,DLN2,G81500272,血糖試紙,1.0,2022-04-04,202204,T-不計價,False,14
803,850,DLN2,G81500272,血糖試紙,1.0,2022-04-11,202204,T-不計價,True,15
804,851,DLN2,G81500272,血糖試紙,3.0,2022-04-13,202204,T-不計價,True,15
805,852,DLN2,G81500272,血糖試紙,4.0,2022-04-14,202204,T-不計價,True,15
806,853,DLN2,G81500272,血糖試紙,4.0,2022-04-15,202204,T-不計價,True,15
807,854,DLN2,G81500272,血糖試紙,4.0,2022-04-16,202204,T-不計價,False,15
808,855,DLN2,G81500272,血糖試紙,4.0,2022-04-17,202204,T-不計價,False,15
809,856,DLN2,G81500272,血糖試紙,1.0,2022-04-18,202204,T-不計價,True,16
810,857,DLN2,G81500272,血糖試紙,4.0,2022-04-18,202204,T-不計價,True,16
811,858,DLN2,G81500272,血糖試紙,4.0,2022-04-19,202204,T-不計價,True,16
812,859,DLN2,G81500272,血糖試紙,4.0,2022-04-20,202204,T-不計價,True,16
813,860,DLN2,G81500272,血糖試紙,4.0,2022-04-21,202204,T-不計價,True,16
814,861,DLN2,G81500272,血糖試紙,4.0,2022-04-22,202204,T-不計價,True,16
815,862,DLN2,G81500272,血糖試紙,4.0,2022-04-23,202204,T-不計價,False,16
816,863,DLN2,G81500272,血糖試紙,4.0,2022-04-24,202204,T-不計價,True,16
817,864,DLN2,G81500272,血糖試紙,4.0,2022-04-25,202204,T-不計價,True,17
818,865,DLN2,G81500272,血糖試紙,1.0,2022-04-25,202204,T-不計價,True,17
819,866,DLN2,G81500272,血糖試紙,3.0,2022-04-25,202204,T-不計價,True,17
820,867,DLN2,G81500272,血糖試紙,4.0,2022-04-26,202204,T-不計價,True,17
821,868,DLN2,G81500272,血糖試紙,4.0,2022-04-26,202204,T-不計價,True,17
822,869,DLN2,G81500272,血糖試紙,4.0,2022-04-27,202204,T-不計價,True,17
823,870,DLN2,G81500272,血糖試紙,4.0,2022-04-27,202204,T-不計價,True,17
824,871,DLN2,G81500272,血糖試紙,4.0,2022-04-28,202204,T-不計價,True,17
825,872,DLN2,G81500272,血糖試紙,4.0,2022-04-28,202204,T-不計價,True,17
826,873,DLN2,G81500272,血糖試紙,4.0,2022-04-29,202204,T-不計價,True,17
827,874,DLN2,G81500272,血糖試紙,4.0,2022-04-29,202204,T-不計價,True,17
828,875,DLN2,G81500272,血糖試紙,4.0,2022-04-30,202204,T-不計價,False,17
829,876,DLN2,G81500272,血糖試紙,4.0,2022-04-30,202204,T-不計價,False,17
830,877,DLN2,G81500272,血糖試紙,4.0,2022-05-01,202205,T-不計價,False,17
831,878,DLN2,G81500272,血糖試紙,4.0,2022-05-01,202205,T-不計價,False,17
832,879,DLN2,G81500272,血糖試紙,1.0,2022-05-02,202205,T-不計價,False,18
833,880,DLN2,G81500272,血糖試紙,4.0,2022-05-02,202205,T-不計價,False,18
834,881,DLN2,G81500272,血糖試紙,4.0,2022-05-02,202205,T-不計價,False,18
835,882,DLN2,G81500272,血糖試紙,4.0,2022-05-03,202205,T-不計價,False,18
836,883,DLN2,G81500272,血糖試紙,4.0,2022-05-03,202205,T-不計價,False,18
837,884,DLN2,G81500272,血糖試紙,4.0,2022-05-04,202205,T-不計價,False,18
838,885,DLN2,G81500272,血糖試紙,4.0,2022-05-04,202205,T-不計價,False,18
839,886,DLN2,G81500272,血糖試紙,4.0,2022-05-05,202205,T-不計價,True,18
840,887,DLN2,G81500272,血糖試紙,4.0,2022-05-05,202205,T-不計價,True,18
841,888,DLN2,G81500272,血糖試紙,4.0,2022-05-06,202205,T-不計價,True,18
842,889,DLN2,G81500272,血糖試紙,4.0,2022-05-06,202205,T-不計價,True,18
843,890,DLN2,G81500272,血糖試紙,4.0,2022-05-07,202205,T-不計價,True,18
844,891,DLN2,G81500272,血糖試紙,4.0,2022-05-07,202205,T-不計價,True,18
845,892,DLN2,G81500272,血糖試紙,4.0,2022-05-08,202205,T-不計價,False,18
846,893,DLN2,G81500272,血糖試紙,4.0,2022-05-08,202205,T-不計價,False,18
847,894,DLN2,G81500272,血糖試紙,4.0,2022-05-09,202205,T-不計價,True,19
848,895,DLN2,G81500272,血糖試紙,4.0,2022-05-09,202205,T-不計價,True,19
849,896,DLN2,G81500272,血糖試紙,4.0,2022-05-10,202205,T-不計價,True,19
850,897,DLN2,G81500272,血糖試紙,4.0,2022-05-10,202205,T-不計價,True,19
851,898,DLN2,G81500272,血糖試紙,4.0,2022-05-11,202205,T-不計價,True,19
852,899,DLN2,G81500272,血糖試紙,4.0,2022-05-11,202205,T-不計價,True,19
853,900,DLN2,G81500272,血糖試紙,4.0,2022-05-12,202205,T-不計價,True,19
854,901,DLN2,G81500272,血糖試紙,4.0,2022-05-12,202205,T-不計價,True,19
855,902,DLN2,G81500272,血糖試紙,4.0,2022-05-13,202205,T-不計價,True,19
856,903,DLN2,G81500272,血糖試紙,4.0,2022-05-13,202205,T-不計價,True,19
857,904,DLN2,G81500272,血糖試紙,4.0,2022-05-14,202205,T-不計價,False,19
858,905,DLN2,G81500272,血糖試紙,5.0,2022-05-14,202205,T-不計價,False,19
859,906,DLN2,G81500272,血糖試紙,4.0,2022-05-15,202205,T-不計價,False,19
860,907,DLN2,G81500272,血糖試紙,4.0,2022-05-15,202205,T-不計價,False,19
861,908,DLN2,G81500272,血糖試紙,4.0,2022-05-16,202205,T-不計價,True,20
862,909,DLN2,G81500272,血糖試紙,4.0,2022-05-16,202205,T-不計價,True,20
863,910,DLN2,G81500272,血糖試紙,1.0,2022-05-16,202205,T-不計價,True,20
864,911,DLN2,G81500272,血糖試紙,4.0,2022-05-17,202205,T-不計價,True,20
865,912,DLN2,G81500272,血糖試紙,4.0,2022-05-17,202205,T-不計價,True,20
866,913,DLN2,G81500272,血糖試紙,4.0,2022-05-18,202205,T-不計價,True,20
867,914,DLN2,G81500272,血糖試紙,4.0,2022-05-18,202205,T-不計價,True,20
868,915,DLN2,G81500272,血糖試紙,4.0,2022-05-19,202205,T-不計價,True,20
869,916,DLN2,G81500272,血糖試紙,4.0,2022-05-19,202205,T-不計價,True,20
870,917,DLN2,G81500272,血糖試紙,4.0,2022-05-20,202205,T-不計價,True,20
871,918,DLN2,G81500272,血糖試紙,4.0,2022-05-20,202205,T-不計價,True,20
872,919,DLN2,G81500272,血糖試紙,4.0,2022-05-21,202205,T-不計價,False,20
873,920,DLN2,G81500272,血糖試紙,4.0,2022-05-21,202205,T-不計價,False,20
874,921,DLN2,G81500272,血糖試紙,4.0,2022-05-22,202205,T-不計價,False,20
875,922,DLN2,G81500272,血糖試紙,4.0,2022-05-22,202205,T-不計價,False,20
876,923,DLN2,G81500272,血糖試紙,4.0,2022-05-23,202205,T-不計價,True,21
877,924,DLN2,G81500272,血糖試紙,4.0,2022-05-23,202205,T-不計價,True,21
878,925,DLN2,G81500272,血糖試紙,1.0,2022-05-23,202205,T-不計價,True,21
879,926,DLN2,G81500272,血糖試紙,4.0,2022-05-24,202205,T-不計價,True,21
880,927,DLN2,G81500272,血糖試紙,4.0,2022-05-24,202205,T-不計價,True,21
881,928,DLN2,G81500272,血糖試紙,4.0,2022-05-25,202205,T-不計價,True,21
882,929,DLN2,G81500272,血糖試紙,4.0,2022-05-25,202205,T-不計價,True,21
883,930,DLN2,G81500272,血糖試紙,3.0,2022-05-26,202205,T-不計價,True,21
884,931,DLN2,G81500272,血糖試紙,3.0,2022-05-26,202205,T-不計價,True,21
885,932,DLN2,G81500272,血糖試紙,1.0,2022-05-26,202205,T-不計價,True,21
886,933,DLN2,G81500272,血糖試紙,3.0,2022-05-26,202205,T-不計價,True,21
887,934,DLN2,G81500272,血糖試紙,4.0,2022-05-27,202205,T-不計價,True,21
888,935,DLN2,G81500272,血糖試紙,5.0,2022-05-27,202205,T-不計價,True,21
889,936,DLN2,G81500272,血糖試紙,4.0,2022-05-28,202205,T-不計價,False,21
890,937,DLN2,G81500272,血糖試紙,4.0,2022-05-28,202205,T-不計價,False,21
891,938,DLN2,G81500272,血糖試紙,4.0,2022-05-29,202205,T-不計價,False,21
892,939,DLN2,G81500272,血糖試紙,4.0,2022-05-29,202205,T-不計價,False,21
893,940,DLN2,G81500272,血糖試紙,4.0,2022-05-30,202205,T-不計價,True,22
894,941,DLN2,G81500272,血糖試紙,4.0,2022-05-30,202205,T-不計價,True,22
895,942,DLN2,G81500272,血糖試紙,1.0,2022-05-30,202205,T-不計價,True,22
896,943,DLN2,G81500272,血糖試紙,4.0,2022-05-31,202205,T-不計價,True,22
897,944,DLN2,G81500272,血糖試紙,4.0,2022-05-31,202205,T-不計價,True,22
898,945,DLN2,G81500272,血糖試紙,4.0,2022-06-01,202206,T-不計價,True,22
899,946,DLN2,G81500272,血糖試紙,4.0,2022-06-01,202206,T-不計價,True,22
900,947,DLN2,G81500272,血糖試紙,4.0,2022-06-02,202206,T-不計價,True,22
901,948,DLN2,G81500272,血糖試紙,4.0,2022-06-02,202206,T-不計價,True,22
902,949,DLN2,G81500272,血糖試紙,4.0,2022-06-03,202206,T-不計價,False,22
903,950,DLN2,G81500272,血糖試紙,4.0,2022-06-03,202206,T-不計價,False,22
904,951,DLN2,G81500272,血糖試紙,4.0,2022-06-04,202206,T-不計價,False,22
905,952,DLN2,G81500272,血糖試紙,4.0,2022-06-04,202206,T-不計價,False,22
906,953,DLN2,G81500272,血糖試紙,4.0,2022-06-05,202206,T-不計價,False,22
907,954,DLN2,G81500272,血糖試紙,4.0,2022-06-05,202206,T-不計價,False,22
908,955,DLN2,G81500272,血糖試紙,1.0,2022-06-06,202206,T-不計價,True,23
909,956,DLN2,G81500272,血糖試紙,4.0,2022-06-06,202206,T-不計價,True,23
910,957,DLN2,G81500272,血糖試紙,4.0,2022-06-06,202206,T-不計價,True,23
911,958,DLN2,G81500272,血糖試紙,4.0,2022-06-07,202206,T-不計價,True,23
912,959,DLN2,G81500272,血糖試紙,4.0,2022-06-07,202206,T-不計價,True,23
913,960,DLN2,G81500272,血糖試紙,4.0,2022-06-08,202206,T-不計價,True,23
914,961,DLN2,G81500272,血糖試紙,2.0,2022-06-08,202206,T-不計價,True,23
915,962,DLN2,G81500272,血糖試紙,4.0,2022-06-09,202206,T-不計價,True,23
916,963,DLN2,G81500272,血糖試紙,4.0,2022-06-10,202206,T-不計價,True,23
917,964,DLN2,G81500272,血糖試紙,4.0,2022-06-11,202206,T-不計價,False,23
918,965,DLN2,G81500272,血糖試紙,4.0,2022-06-12,202206,T-不計價,False,23
919,966,DLN2,G81500272,血糖試紙,1.0,2022-06-13,202206,T-不計價,True,24
920,967,DLN2,G81500272,血糖試紙,4.0,2022-06-13,202206,T-不計價,True,24
921,968,DLN2,G81500272,血糖試紙,4.0,2022-06-14,202206,T-不計價,True,24
922,969,DLN2,G81500272,血糖試紙,4.0,2022-06-15,202206,T-不計價,True,24
923,970,DLN2,G81500272,血糖試紙,4.0,2022-06-16,202206,T-不計價,True,24
924,971,DLN2,G81500272,血糖試紙,4.0,2022-06-17,202206,T-不計價,True,24
925,972,DLN2,G81500272,血糖試紙,4.0,2022-06-18,202206,T-不計價,False,24
926,973,DLN2,G81500272,血糖試紙,4.0,2022-06-19,202206,T-不計價,False,24
927,974,DLN2,G81500272,血糖試紙,1.0,2022-06-20,202206,T-不計價,True,25
928,975,DLN2,G81500272,血糖試紙,2.0,2022-06-20,202206,T-不計價,True,25
929,976,DLN2,G81500272,血糖試紙,1.0,2022-06-21,202206,T-不計價,True,25
930,977,DLN2,G81500272,血糖試紙,1.0,2022-06-22,202206,T-不計價,True,25
931,978,DLN2,G81500272,血糖試紙,1.0,2022-06-23,202206,T-不計價,True,25
932,979,DLN2,G81500272,血糖試紙,1.0,2022-06-24,202206,T-不計價,True,25
933,980,DLN2,G81500272,血糖試紙,1.0,2022-06-25,202206,T-不計價,False,25
934,981,DLN2,G81500272,血糖試紙,1.0,2022-06-26,202206,T-不計價,False,25
935,982,DLN2,G81500272,血糖試紙,1.0,2022-06-27,202206,T-不計價,True,26
936,983,DLN2,G81500272,血糖試紙,1.0,2022-06-27,202206,T-不計價,True,26
937,984,DLN2,G81500272,血糖試紙,1.0,2022-06-28,202206,T-不計價,True,26
938,985,DLN2,G81500272,血糖試紙,1.0,2022-06-29,202206,T-不計價,True,26
939,986,DLN2,G81500272,血糖試紙,1.0,2022-06-30,202206,T-不計價,True,26
940,987,DLN2,G81500272,血糖試紙,1.0,2022-07-01,202207,T-不計價,True,26
941,988,DLN2,G81500272,血糖試紙,1.0,2022-07-02,202207,T-不計價,False,26
942,989,DLN2,G81500272,血糖試紙,1.0,2022-07-03,202207,T-不計價,False,26
943,990,DLN2,G81500272,血糖試紙,1.0,2022-07-04,202207,T-不計價,True,27
944,991,DLN2,G81500272,血糖試紙,1.0,2022-07-11,202207,T-不計價,True,28
945,992,DLN2,G81500272,血糖試紙,1.0,2022-07-18,202207,T-不計價,True,29
946,993,DLN2,G81500272,血糖試紙,1.0,2022-07-21,202207,T-不計價,True,29
947,994,DLN2,G81500272,血糖試紙,1.0,2022-07-22,202207,T-不計價,True,29
948,995,DLN2,G81500272,血糖試紙,1.0,2022-07-23,202207,T-不計價,False,29
949,996,DLN2,G81500272,血糖試紙,1.0,2022-07-24,202207,T-不計價,False,29
950,997,DLN2,G81500272,血糖試紙,1.0,2022-07-25,202207,T-不計價,True,30
951,998,DLN2,G81500272,血糖試紙,1.0,2022-07-25,202207,T-不計價,True,30
952,999,DLN2,G81500272,血糖試紙,1.0,2022-08-01,202208,T-不計價,True,31
953,1000,DLN2,G81500272,血糖試紙,1.0,2022-08-08,202208,T-不計價,True,32
954,1001,DLN2,G81500272,血糖試紙,1.0,2022-08-15,202208,T-不計價,True,33
955,1002,DLN2,G81500272,血糖試紙,1.0,2022-08-22,202208,T-不計價,True,34
956,1003,DLN2,G81500272,血糖試紙,1.0,2022-08-29,202208,T-不計價,True,35
957,1004,DLN2,G81500272,血糖試紙,1.0,2022-08-29,202208,T-不計價,True,35
958,1005,DLN2,G81500272,血糖試紙,3.0,2022-08-29,202208,T-不計價,True,35
959,1006,DLN2,G81500272,血糖試紙,2.0,2022-08-30,202208,T-不計價,True,35
960,1007,DLN2,G81500272,血糖試紙,4.0,2022-08-30,202208,T-不計價,True,35
961,1008,DLN2,G81500272,血糖試紙,4.0,2022-08-31,202208,T-不計價,True,35
962,1009,DLN2,G81500272,血糖試紙,3.0,2022-08-31,202208,T-不計價,True,35
963,1010,DLN2,G81500272,血糖試紙,3.0,2022-09-01,202209,T-不計價,True,35
964,1011,DLN2,G81500272,血糖試紙,4.0,2022-09-01,202209,T-不計價,True,35
965,1012,DLN2,G81500272,血糖試紙,4.0,2022-09-02,202209,T-不計價,True,35
966,1013,DLN2,G81500272,血糖試紙,3.0,2022-09-02,202209,T-不計價,True,35
967,1014,DLN2,G81500272,血糖試紙,4.0,2022-09-03,202209,T-不計價,False,35
968,1015,DLN2,G81500272,血糖試紙,3.0,2022-09-03,202209,T-不計價,False,35
969,1016,DLN2,G81500272,血糖試紙,2.0,2022-09-04,202209,T-不計價,False,35
970,1017,DLN2,G81500272,血糖試紙,4.0,2022-09-04,202209,T-不計價,False,35
971,1018,DLN2,G81500272,血糖試紙,4.0,2022-09-05,202209,T-不計價,True,36
972,1019,DLN2,G81500272,血糖試紙,3.0,2022-09-05,202209,T-不計價,True,36
973,1020,DLN2,G81500272,血糖試紙,1.0,2022-09-05,202209,T-不計價,True,36
974,1021,DLN2,G81500272,血糖試紙,1.0,2022-09-05,202209,T-不計價,True,36
975,1022,DLN2,G81500272,血糖試紙,3.0,2022-09-06,202209,T-不計價,True,36
976,1023,DLN2,G81500272,血糖試紙,4.0,2022-09-06,202209,T-不計價,True,36
977,1024,DLN2,G81500272,血糖試紙,2.0,2022-09-07,202209,T-不計價,True,36
978,1025,DLN2,G81500272,血糖試紙,3.0,2022-09-07,202209,T-不計價,True,36
979,1026,DLN2,G81500272,血糖試紙,2.0,2022-09-08,202209,T-不計價,True,36
980,1027,DLN2,G81500272,血糖試紙,3.0,2022-09-08,202209,T-不計價,True,36
981,1028,DLN2,G81500272,血糖試紙,3.0,2022-09-09,202209,T-不計價,True,36
982,1029,DLN2,G81500272,血糖試紙,2.0,2022-09-09,202209,T-不計價,True,36
983,1030,DLN2,G81500272,血糖試紙,2.0,2022-09-10,202209,T-不計價,False,36
984,1031,DLN2,G81500272,血糖試紙,2.0,2022-09-10,202209,T-不計價,False,36
985,1032,DLN2,G81500272,血糖試紙,2.0,2022-09-11,202209,T-不計價,False,36
986,1033,DLN2,G81500272,血糖試紙,2.0,2022-09-11,202209,T-不計價,False,36
987,1034,DLN2,G81500272,血糖試紙,2.0,2022-09-12,202209,T-不計價,False,37
988,1035,DLN2,G81500272,血糖試紙,1.0,2022-09-12,202209,T-不計價,False,37
989,1036,DLN2,G81500272,血糖試紙,1.0,2022-09-12,202209,T-不計價,False,37
990,1037,DLN2,G81500272,血糖試紙,3.0,2022-09-12,202209,T-不計價,False,37
991,1038,DLN2,G81500272,血糖試紙,3.0,2022-09-13,202209,T-不計價,True,37
992,1039,DLN2,G81500272,血糖試紙,2.0,2022-09-13,202209,T-不計價,True,37
993,1040,DLN2,G81500272,血糖試紙,2.0,2022-09-14,202209,T-不計價,True,37
994,1041,DLN2,G81500272,血糖試紙,3.0,2022-09-14,202209,T-不計價,True,37
995,1042,DLN2,G81500272,血糖試紙,2.0,2022-09-15,202209,T-不計價,True,37
996,1043,DLN2,G81500272,血糖試紙,3.0,2022-09-15,202209,T-不計價,True,37
997,1044,DLN2,G81500272,血糖試紙,3.0,2022-09-16,202209,T-不計價,True,37
998,1045,DLN2,G81500272,血糖試紙,1.0,2022-09-16,202209,T-不計價,True,37
999,1046,DLN2,G81500272,血糖試紙,1.0,2022-09-16,202209,T-不計價,True,37
1000,1047,DLN2,G81500272,血糖試紙,3.0,2022-09-17,202209,T-不計價,False,37
1001,1048,DLN2,G81500272,血糖試紙,2.0,2022-09-17,202209,T-不計價,False,37
1002,1049,DLN2,G81500272,血糖試紙,3.0,2022-09-18,202209,T-不計價,False,37
1003,1050,DLN2,G81500272,血糖試紙,2.0,2022-09-18,202209,T-不計價,False,37
1004,1051,DLN2,G81500272,血糖試紙,3.0,2022-09-19,202209,T-不計價,True,38
1005,1052,DLN2,G81500272,血糖試紙,1.0,2022-09-19,202209,T-不計價,True,38
1006,1053,DLN2,G81500272,血糖試紙,2.0,2022-09-19,202209,T-不計價,True,38
1007,1054,DLN2,G81500272,血糖試紙,4.0,2022-09-19,202209,T-不計價,True,38
1008,1055,DLN2,G81500272,血糖試紙,2.0,2022-09-20,202209,T-不計價,True,38
1009,1056,DLN2,G81500272,血糖試紙,3.0,2022-09-20,202209,T-不計價,True,38
1010,1057,DLN2,G81500272,血糖試紙,4.0,2022-09-20,202209,T-不計價,True,38
1011,1058,DLN2,G81500272,血糖試紙,1.0,2022-09-21,202209,T-不計價,True,38
1012,1059,DLN2,G81500272,血糖試紙,2.0,2022-09-21,202209,T-不計價,True,38
1013,1060,DLN2,G81500272,血糖試紙,3.0,2022-09-21,202209,T-不計價,True,38
1014,1061,DLN2,G81500272,血糖試紙,2.0,2022-09-22,202209,T-不計價,True,38
1015,1062,DLN2,G81500272,血糖試紙,3.0,2022-09-22,202209,T-不計價,True,38
1016,1063,DLN2,G81500272,血糖試紙,3.0,2022-09-23,202209,T-不計價,True,38
1017,1064,DLN2,G81500272,血糖試紙,2.0,2022-09-23,202209,T-不計價,True,38
1018,1065,DLN2,G81500272,血糖試紙,2.0,2022-09-24,202209,T-不計價,False,38
1019,1066,DLN2,G81500272,血糖試紙,3.0,2022-09-24,202209,T-不計價,False,38
1020,1067,DLN2,G81500272,血糖試紙,3.0,2022-09-25,202209,T-不計價,False,38
1021,1068,DLN2,G81500272,血糖試紙,2.0,2022-09-25,202209,T-不計價,False,38
1022,1069,DLN2,G81500272,血糖試紙,2.0,2022-09-26,202209,T-不計價,True,39
1023,1070,DLN2,G81500272,血糖試紙,3.0,2022-09-26,202209,T-不計價,True,39
1024,1071,DLN2,G81500272,血糖試紙,1.0,2022-09-26,202209,T-不計價,True,39
1025,1072,DLN2,G81500272,血糖試紙,1.0,2022-09-26,202209,T-不計價,True,39
1026,1073,DLN2,G81500272,血糖試紙,2.0,2022-09-27,202209,T-不計價,True,39
1027,1074,DLN2,G81500272,血糖試紙,3.0,2022-09-27,202209,T-不計價,True,39
1028,1075,DLN2,G81500272,血糖試紙,2.0,2022-09-28,202209,T-不計價,True,39
1029,1076,DLN2,G81500272,血糖試紙,3.0,2022-09-28,202209,T-不計價,True,39
1030,1077,DLN2,G81500272,血糖試紙,2.0,2022-09-29,202209,T-不計價,True,39
1031,1078,DLN2,G81500272,血糖試紙,3.0,2022-09-29,202209,T-不計價,True,39
1032,1079,DLN2,G81500272,血糖試紙,3.0,2022-09-30,202209,T-不計價,True,39
1033,1080,DLN2,G81500272,血糖試紙,2.0,2022-09-30,202209,T-不計價,True,39
1034,1081,DLN2,G81500272,血糖試紙,2.0,2022-10-01,202210,T-不計價,False,39
1035,1082,DLN2,G81500272,血糖試紙,3.0,2022-10-01,202210,T-不計價,False,39
1036,1083,DLN2,G81500272,血糖試紙,3.0,2022-10-02,202210,T-不計價,False,39
1037,1084,DLN2,G81500272,血糖試紙,2.0,2022-10-02,202210,T-不計價,False,39
1038,1085,DLN2,G81500272,血糖試紙,2.0,2022-10-03,202210,T-不計價,False,40
1039,1086,DLN2,G81500272,血糖試紙,1.0,2022-10-03,202210,T-不計價,False,40
1040,1087,DLN2,G81500272,血糖試紙,3.0,2022-10-03,202210,T-不計價,False,40
1041,1088,DLN2,G81500272,血糖試紙,1.0,2022-10-03,202210,T-不計價,False,40
1042,1089,DLN2,G81500272,血糖試紙,2.0,2022-10-04,202210,T-不計價,False,40
1043,1090,DLN2,G81500272,血糖試紙,3.0,2022-10-04,202210,T-不計價,False,40
1044,1091,DLN2,G81500272,血糖試紙,2.0,2022-10-05,202210,T-不計價,False,40
1045,1092,DLN2,G81500272,血糖試紙,3.0,2022-10-05,202210,T-不計價,False,40
1046,1093,DLN2,G81500272,血糖試紙,2.0,2022-10-06,202210,T-不計價,False,40
1047,1094,DLN2,G81500272,血糖試紙,3.0,2022-10-06,202210,T-不計價,False,40
1048,1095,DLN2,G81500272,血糖試紙,2.0,2022-10-07,202210,T-不計價,False,40
1049,1096,DLN2,G81500272,血糖試紙,3.0,2022-10-07,202210,T-不計價,False,40
1050,1097,DLN2,G81500272,血糖試紙,3.0,2022-10-08,202210,T-不計價,True,40
1051,1098,DLN2,G81500272,血糖試紙,2.0,2022-10-08,202210,T-不計價,True,40
1052,1099,DLN2,G81500272,血糖試紙,2.0,2022-10-09,202210,T-不計價,True,40
1053,1100,DLN2,G81500272,血糖試紙,3.0,2022-10-09,202210,T-不計價,True,40
1054,1101,DLN2,G81500272,血糖試紙,1.0,2022-10-10,202210,T-不計價,True,41
1055,1102,DLN2,G81500272,血糖試紙,3.0,2022-10-10,202210,T-不計價,True,41
1056,1103,DLN2,G81500272,血糖試紙,1.0,2022-10-10,202210,T-不計價,True,41
1057,1104,DLN2,G81500272,血糖試紙,3.0,2022-10-10,202210,T-不計價,True,41
1058,1105,DLN2,G81500272,血糖試紙,2.0,2022-10-11,202210,T-不計價,True,41
1059,1106,DLN2,G81500272,血糖試紙,2.0,2022-10-11,202210,T-不計價,True,41
1060,1107,DLN2,G81500272,血糖試紙,1.0,2022-10-11,202210,T-不計價,True,41
1061,1108,DLN2,G81500272,血糖試紙,2.0,2022-10-12,202210,T-不計價,True,41
1062,1109,DLN2,G81500272,血糖試紙,3.0,2022-10-12,202210,T-不計價,True,41
1063,1110,DLN2,G81500272,血糖試紙,3.0,2022-10-13,202210,T-不計價,True,41
1064,1111,DLN2,G81500272,血糖試紙,2.0,2022-10-13,202210,T-不計價,True,41
1065,1112,DLN2,G81500272,血糖試紙,2.0,2022-10-14,202210,T-不計價,True,41
1066,1113,DLN2,G81500272,血糖試紙,3.0,2022-10-14,202210,T-不計價,True,41
1067,1114,DLN2,G81500272,血糖試紙,3.0,2022-10-15,202210,T-不計價,False,41
1068,1115,DLN2,G81500272,血糖試紙,2.0,2022-10-15,202210,T-不計價,False,41
1069,1116,DLN2,G81500272,血糖試紙,2.0,2022-10-16,202210,T-不計價,False,41
1070,1117,DLN2,G81500272,血糖試紙,3.0,2022-10-16,202210,T-不計價,False,41
1071,1118,DLN2,G81500272,血糖試紙,2.0,2022-10-17,202210,T-不計價,True,42
1072,1119,DLN2,G81500272,血糖試紙,3.0,2022-10-17,202210,T-不計價,True,42
1073,1120,DLN2,G81500272,血糖試紙,1.0,2022-10-17,202210,T-不計價,True,42
1074,1121,DLN2,G81500272,血糖試紙,2.0,2022-10-18,202210,T-不計價,True,42
1075,1122,DLN2,G81500272,血糖試紙,3.0,2022-10-18,202210,T-不計價,True,42
1076,1123,DLN2,G81500272,血糖試紙,1.0,2022-10-18,202210,T-不計價,True,42
1077,1124,DLN2,G81500272,血糖試紙,3.0,2022-10-19,202210,T-不計價,True,42
1078,1125,DLN2,G81500272,血糖試紙,2.0,2022-10-19,202210,T-不計價,True,42
1079,1126,DLN2,G81500272,血糖試紙,2.0,2022-10-20,202210,T-不計價,True,42
1080,1127,DLN2,G81500272,血糖試紙,3.0,2022-10-20,202210,T-不計價,True,42
1081,1128,DLN2,G81500272,血糖試紙,2.0,2022-10-21,202210,T-不計價,True,42
1082,1129,DLN2,G81500272,血糖試紙,3.0,2022-10-21,202210,T-不計價,True,42
1083,1130,DLN2,G81500272,血糖試紙,3.0,2022-10-22,202210,T-不計價,False,42
1084,1131,DLN2,G81500272,血糖試紙,2.0,2022-10-22,202210,T-不計價,False,42
1085,1132,DLN2,G81500272,血糖試紙,2.0,2022-10-23,202210,T-不計價,False,42
1086,1133,DLN2,G81500272,血糖試紙,3.0,2022-10-23,202210,T-不計價,False,42
1087,1134,DLN2,G81500272,血糖試紙,3.0,2022-10-24,202210,T-不計價,True,43
1088,1135,DLN2,G81500272,血糖試紙,1.0,2022-10-24,202210,T-不計價,True,43
1089,1136,DLN2,G81500272,血糖試紙,1.0,2022-10-24,202210,T-不計價,True,43
1090,1137,DLN2,G81500272,血糖試紙,1.0,2022-10-24,202210,T-不計價,True,43
1091,1138,DLN2,G81500272,血糖試紙,3.0,2022-10-25,202210,T-不計價,True,43
1092,1139,DLN2,G81500272,血糖試紙,4.0,2022-10-26,202210,T-不計價,True,43
1093,1140,DLN2,G81500272,血糖試紙,3.0,2022-10-27,202210,T-不計價,True,43
1094,1141,DLN2,G81500272,血糖試紙,3.0,2022-10-28,202210,T-不計價,True,43
1095,1142,DLN2,G81500272,血糖試紙,3.0,2022-10-29,202210,T-不計價,False,43
1096,1143,DLN2,G81500272,血糖試紙,3.0,2022-10-30,202210,T-不計價,False,43
1097,1144,DLN2,G81500272,血糖試紙,1.0,2022-10-31,202210,T-不計價,True,44
1098,1145,DLN2,G81500272,血糖試紙,3.0,2022-10-31,202210,T-不計價,True,44
1099,1146,DLN2,G81500272,血糖試紙,1.0,2022-10-31,202210,T-不計價,True,44
1100,1147,DLN2,G81500272,血糖試紙,3.0,2022-11-01,202211,T-不計價,True,44
1101,1148,DLN2,G81500272,血糖試紙,3.0,2022-11-02,202211,T-不計價,True,44
1102,1149,DLN2,G81500272,血糖試紙,3.0,2022-11-03,202211,T-不計價,True,44
1103,1150,DLN2,G81500272,血糖試紙,3.0,2022-11-04,202211,T-不計價,True,44
1104,1151,DLN2,G81500272,血糖試紙,3.0,2022-11-05,202211,T-不計價,False,44
1105,1152,DLN2,G81500272,血糖試紙,3.0,2022-11-06,202211,T-不計價,False,44
1106,1153,DLN2,G81500272,血糖試紙,3.0,2022-11-07,202211,T-不計價,True,45
1107,1154,DLN2,G81500272,血糖試紙,1.0,2022-11-07,202211,T-不計價,True,45
1108,1155,DLN2,G81500272,血糖試紙,3.0,2022-11-08,202211,T-不計價,True,45
1109,1156,DLN2,G81500272,血糖試紙,1.0,2022-11-09,202211,T-不計價,True,45
1110,1157,DLN2,G81500272,血糖試紙,2.0,2022-11-09,202211,T-不計價,True,45
1111,1158,DLN2,G81500272,血糖試紙,3.0,2022-11-10,202211,T-不計價,True,45
1112,1159,DLN2,G81500272,血糖試紙,3.0,2022-11-11,202211,T-不計價,True,45
1113,1160,DLN2,G81500272,血糖試紙,3.0,2022-11-12,202211,T-不計價,False,45
1114,1161,DLN2,G81500272,血糖試紙,3.0,2022-11-13,202211,T-不計價,False,45
1115,1162,DLN2,G81500272,血糖試紙,3.0,2022-11-14,202211,T-不計價,True,46
1116,1163,DLN2,G81500272,血糖試紙,1.0,2022-11-14,202211,T-不計價,True,46
1117,1164,DLN2,G81500272,血糖試紙,3.0,2022-11-15,202211,T-不計價,True,46
1118,1165,DLN2,G81500272,血糖試紙,1.0,2022-11-16,202211,T-不計價,True,46
1119,1166,DLN2,G81500272,血糖試紙,2.0,2022-11-16,202211,T-不計價,True,46
1120,1167,DLN2,G81500272,血糖試紙,2.0,2022-11-17,202211,T-不計價,True,46
1121,1168,DLN2,G81500272,血糖試紙,1.0,2022-11-17,202211,T-不計價,True,46
1122,1169,DLN2,G81500272,血糖試紙,3.0,2022-11-18,202211,T-不計價,True,46
1123,1170,DLN2,G81500272,血糖試紙,3.0,2022-11-19,202211,T-不計價,False,46
1124,1171,DLN2,G81500272,血糖試紙,3.0,2022-11-20,202211,T-不計價,False,46
1125,1172,DLN2,G81500272,血糖試紙,3.0,2022-11-21,202211,T-不計價,True,47
1126,1173,DLN2,G81500272,血糖試紙,1.0,2022-11-21,202211,T-不計價,True,47
1127,1174,DLN2,G81500272,血糖試紙,3.0,2022-11-22,202211,T-不計價,True,47
1128,1175,DLN2,G81500272,血糖試紙,3.0,2022-11-23,202211,T-不計價,True,47
1129,1176,DLN2,G81500272,血糖試紙,4.0,2022-11-24,202211,T-不計價,True,47
1130,1177,DLN2,G81500272,血糖試紙,3.0,2022-11-25,202211,T-不計價,True,47
1131,1178,DLN2,G81500272,血糖試紙,3.0,2022-11-26,202211,T-不計價,False,47
1132,1179,DLN2,G81500272,血糖試紙,3.0,2022-11-27,202211,T-不計價,False,47
1133,1180,DLN2,G81500272,血糖試紙,3.0,2022-11-28,202211,T-不計價,True,48
1134,1181,DLN2,G81500272,血糖試紙,1.0,2022-11-28,202211,T-不計價,True,48
1135,1182,DLN2,G81500272,血糖試紙,3.0,2022-11-29,202211,T-不計價,True,48
1136,1183,DLN2,G81500272,血糖試紙,3.0,2022-11-30,202211,T-不計價,True,48
1137,1184,DLN2,G81500272,血糖試紙,3.0,2022-12-01,202212,T-不計價,True,48
1138,1185,DLN2,G81500272,血糖試紙,3.0,2022-12-02,202212,T-不計價,True,48
1139,1186,DLN2,G81500272,血糖試紙,3.0,2022-12-03,202212,T-不計價,False,48
1140,1187,DLN2,G81500272,血糖試紙,3.0,2022-12-04,202212,T-不計價,False,48
1141,1188,DLN2,G81500272,血糖試紙,1.0,2022-12-05,202212,T-不計價,True,49
1142,1189,DLN2,G81500272,血糖試紙,3.0,2022-12-05,202212,T-不計價,True,49
1143,1190,DLN2,G81500272,血糖試紙,3.0,2022-12-06,202212,T-不計價,True,49
1144,1191,DLN2,G81500272,血糖試紙,3.0,2022-12-07,202212,T-不計價,True,49
1145,1192,DLN2,G81500272,血糖試紙,3.0,2022-12-08,202212,T-不計價,True,49
1146,1193,DLN2,G81500272,血糖試紙,3.0,2022-12-09,202212,T-不計價,True,49
1147,1194,DLN2,G81500272,血糖試紙,2.0,2022-12-10,202212,T-不計價,False,49
1148,1195,DLN2,G81500272,血糖試紙,3.0,2022-12-11,202212,T-不計價,False,49
1149,1196,DLN2,G81500272,血糖試紙,3.0,2022-12-12,202212,T-不計價,True,50
1150,1197,DLN2,G81500272,血糖試紙,1.0,2022-12-12,202212,T-不計價,True,50
1151,1198,DLN2,G81500272,血糖試紙,3.0,2022-12-13,202212,T-不計價,True,50
1152,1199,DLN2,G81500272,血糖試紙,3.0,2022-12-14,202212,T-不計價,True,50
1153,1200,DLN2,G81500272,血糖試紙,3.0,2022-12-15,202212,T-不計價,True,50
1154,1201,DLN2,G81500272,血糖試紙,3.0,2022-12-16,202212,T-不計價,True,50
1155,1202,DLN2,G81500272,血糖試紙,3.0,2022-12-17,202212,T-不計價,False,50
1156,1203,DLN2,G81500272,血糖試紙,3.0,2022-12-18,202212,T-不計價,False,50
1157,1204,DLN2,G81500272,血糖試紙,3.0,2022-12-19,202212,T-不計價,True,51
1158,1205,DLN2,G81500272,血糖試紙,1.0,2022-12-19,202212,T-不計價,True,51
1159,1206,DLN2,G81500272,血糖試紙,3.0,2022-12-20,202212,T-不計價,True,51
1160,1207,DLN2,G81500272,血糖試紙,3.0,2022-12-21,202212,T-不計價,True,51
1161,1208,DLN2,G81500272,血糖試紙,2.0,2022-12-22,202212,T-不計價,True,51
1162,1209,DLN2,G81500272,血糖試紙,3.0,2022-12-23,202212,T-不計價,True,51
1163,1210,DLN2,G81500272,血糖試紙,3.0,2022-12-24,202212,T-不計價,False,51
1164,1211,DLN2,G81500272,血糖試紙,3.0,2022-12-25,202212,T-不計價,False,51
1165,1212,DLN2,G81500272,血糖試紙,3.0,2022-12-26,202212,T-不計價,True,52
1166,1213,DLN2,G81500272,血糖試紙,1.0,2022-12-26,202212,T-不計價,True,52
1167,1214,DLN2,G81500272,血糖試紙,3.0,2022-12-27,202212,T-不計價,True,52
1168,1215,DLN2,G81500272,血糖試紙,3.0,2022-12-28,202212,T-不計價,True,52
1169,1216,DLN2,G81500272,血糖試紙,3.0,2022-12-29,202212,T-不計價,True,52
1170,1217,DLN2,G81500272,血糖試紙,3.0,2022-12-30,202212,T-不計價,True,52
1171,1218,DLN2,G81500272,血糖試紙,4.0,2022-12-31,202212,T-不計價,False,52
1172,1219,DLN2,K80004044,Push Button Blood Collection,1.0,2022-01-17,202201,T-不計價,True,3
1173,1220,DLN2,K80004044,Push Button Blood Collection,2.0,2022-01-17,202201,T-不計價,True,3
1174,1221,DLN2,K80004044,Push Button Blood Collection,1.0,2022-01-17,202201,T-不計價,True,3
1175,1222,DLN2,K80004044,Push Button Blood Collection,1.0,2022-01-17,202201,T-不計價,True,3
1176,1223,DLN2,K80004044,Push Button Blood Collection,1.0,2022-01-17,202201,T-不計價,True,3
1177,1224,DLN2,K80004044,Push Button Blood Collection,1.0,2022-01-17,202201,T-不計價,True,3
1178,1225,DLN2,K80004044,Push Button Blood Collection,1.0,2022-01-17,202201,T-不計價,True,3
1179,1226,DLN2,K80004044,Push Button Blood Collection,2.0,2022-01-24,202201,T-不計價,True,4
1180,1227,DLN2,K80004044,Push Button Blood Collection,1.0,2022-01-24,202201,T-不計價,True,4
1181,1228,DLN2,K80004044,Push Button Blood Collection,1.0,2022-01-24,202201,T-不計價,True,4
1182,1229,DLN2,K80004044,Push Button Blood Collection,1.0,2022-01-24,202201,T-不計價,True,4
1183,1230,DLN2,K80004044,Push Button Blood Collection,1.0,2022-01-31,202201,T-不計價,False,5
1184,1231,DLN2,K80004044,Push Button Blood Collection,1.0,2022-02-07,202202,T-不計價,True,6
1185,1232,DLN2,K80004044,Push Button Blood Collection,1.0,2022-02-07,202202,T-不計價,True,6
1186,1233,DLN2,K80004044,Push Button Blood Collection,1.0,2022-02-07,202202,T-不計價,True,6
1187,1234,DLN2,K80004044,Push Button Blood Collection,2.0,2022-02-07,202202,T-不計價,True,6
1188,1235,DLN2,K80004044,Push Button Blood Collection,1.0,2022-02-07,202202,T-不計價,True,6
1189,1236,DLN2,K80004044,Push Button Blood Collection,2.0,2022-02-07,202202,T-不計價,True,6
1190,1237,DLN2,K80004044,Push Button Blood Collection,2.0,2022-02-07,202202,T-不計價,True,6
1191,1238,DLN2,K80004044,Push Button Blood Collection,1.0,2022-02-07,202202,T-不計價,True,6
1192,1239,DLN2,K80004044,Push Button Blood Collection,1.0,2022-02-07,202202,T-不計價,True,6
1193,1240,DLN2,K80004044,Push Button Blood Collection,1.0,2022-02-14,202202,T-不計價,True,7
1194,1241,DLN2,K80004044,Push Button Blood Collection,4.0,2022-02-15,202202,T-不計價,True,7
1195,1242,DLN2,K80004044,Push Button Blood Collection,1.0,2022-02-21,202202,T-不計價,True,8
1196,1243,DLN2,K80004044,Push Button Blood Collection,1.0,2022-02-21,202202,T-不計價,True,8
1197,1244,DLN2,K80004044,Push Button Blood Collection,1.0,2022-02-22,202202,T-不計價,True,8
1198,1245,DLN2,K80004044,Push Button Blood Collection,1.0,2022-03-05,202203,T-不計價,False,9
1199,1246,DLN2,K80004044,Push Button Blood Collection,1.0,2022-03-06,202203,T-不計價,False,9
1200,1247,DLN2,K80004044,Push Button Blood Collection,2.0,2022-03-07,202203,T-不計價,True,10
1201,1248,DLN2,K80004044,Push Button Blood Collection,1.0,2022-03-07,202203,T-不計價,True,10
1202,1249,DLN2,K80004044,Push Button Blood Collection,1.0,2022-03-07,202203,T-不計價,True,10
1203,1250,DLN2,K80004044,Push Button Blood Collection,1.0,2022-03-07,202203,T-不計價,True,10
1204,1251,DLN2,K80004044,Push Button Blood Collection,1.0,2022-03-07,202203,T-不計價,True,10
1205,1252,DLN2,K80004044,Push Button Blood Collection,1.0,2022-03-07,202203,T-不計價,True,10
1206,1253,DLN2,K80004044,Push Button Blood Collection,1.0,2022-03-07,202203,T-不計價,True,10
1207,1254,DLN2,K80004044,Push Button Blood Collection,1.0,2022-03-14,202203,T-不計價,True,11
1208,1255,DLN2,K80004044,Push Button Blood Collection,1.0,2022-03-14,202203,T-不計價,True,11
1209,1256,DLN2,K80004044,Push Button Blood Collection,1.0,2022-03-21,202203,T-不計價,True,12
1210,1257,DLN2,K80004044,Push Button Blood Collection,2.0,2022-03-26,202203,T-不計價,False,12
1211,1258,DLN2,K80004044,Push Button Blood Collection,1.0,2022-04-04,202204,T-不計價,False,14
1212,1259,DLN2,K80004044,Push Button Blood Collection,1.0,2022-04-04,202204,T-不計價,False,14
1213,1260,DLN2,K80004044,Push Button Blood Collection,1.0,2022-04-04,202204,T-不計價,False,14
1214,1261,DLN2,K80004044,Push Button Blood Collection,1.0,2022-04-04,202204,T-不計價,False,14
1215,1262,DLN2,K80004044,Push Button Blood Collection,1.0,2022-04-04,202204,T-不計價,False,14
1216,1263,DLN2,K80004044,Push Button Blood Collection,1.0,2022-04-04,202204,T-不計價,False,14
1217,1264,DLN2,K80004044,Push Button Blood Collection,1.0,2022-04-11,202204,T-不計價,True,15
1218,1265,DLN2,K80004044,Push Button Blood Collection,1.0,2022-04-11,202204,T-不計價,True,15
1219,1266,DLN2,K80004044,Push Button Blood Collection,1.0,2022-04-11,202204,T-不計價,True,15
1220,1267,DLN2,K80004044,Push Button Blood Collection,1.0,2022-04-11,202204,T-不計價,True,15
1221,1268,DLN2,K80004044,Push Button Blood Collection,1.0,2022-04-11,202204,T-不計價,True,15
1222,1269,DLN2,K80004044,Push Button Blood Collection,1.0,2022-04-18,202204,T-不計價,True,16
1223,1270,DLN2,K80004044,Push Button Blood Collection,1.0,2022-04-18,202204,T-不計價,True,16
1224,1271,DLN2,K80004044,Push Button Blood Collection,1.0,2022-04-18,202204,T-不計價,True,16
1225,1272,DLN2,K80004044,Push Button Blood Collection,1.0,2022-04-18,202204,T-不計價,True,16
1226,1273,DLN2,K80004044,Push Button Blood Collection,1.0,2022-04-18,202204,T-不計價,True,16
1227,1274,DLN2,K80004044,Push Button Blood Collection,1.0,2022-05-02,202205,T-不計價,False,18
1228,1275,DLN2,K80004044,Push Button Blood Collection,1.0,2022-05-02,202205,T-不計價,False,18
1229,1276,DLN2,K80004044,Push Button Blood Collection,1.0,2022-05-02,202205,T-不計價,False,18
1230,1277,DLN2,K80004044,Push Button Blood Collection,1.0,2022-05-02,202205,T-不計價,False,18
1231,1278,DLN2,K80004044,Push Button Blood Collection,1.0,2022-05-02,202205,T-不計價,False,18
1232,1279,DLN2,K80004044,Push Button Blood Collection,3.0,2022-05-04,202205,T-不計價,False,18
1233,1280,DLN2,K80004044,Push Button Blood Collection,3.0,2022-05-08,202205,T-不計價,False,18
1234,1281,DLN2,K80004044,Push Button Blood Collection,1.0,2022-05-09,202205,T-不計價,True,19
1235,1282,DLN2,K80004044,Push Button Blood Collection,1.0,2022-05-16,202205,T-不計價,True,20
1236,1283,DLN2,K80004044,Push Button Blood Collection,1.0,2022-05-16,202205,T-不計價,True,20
1237,1284,DLN2,K80004044,Push Button Blood Collection,1.0,2022-05-16,202205,T-不計價,True,20
1238,1285,DLN2,K80004044,Push Button Blood Collection,1.0,2022-05-23,202205,T-不計價,True,21
1239,1286,DLN2,K80004044,Push Button Blood Collection,1.0,2022-05-23,202205,T-不計價,True,21
1240,1287,DLN2,K80004044,Push Button Blood Collection,1.0,2022-05-23,202205,T-不計價,True,21
1241,1288,DLN2,K80004044,Push Button Blood Collection,1.0,2022-05-23,202205,T-不計價,True,21
1242,1289,DLN2,K80004044,Push Button Blood Collection,1.0,2022-05-23,202205,T-不計價,True,21
1243,1290,DLN2,K80004044,Push Button Blood Collection,4.0,2022-06-03,202206,T-不計價,False,22
1244,1291,DLN2,K80004044,Push Button Blood Collection,1.0,2022-06-06,202206,T-不計價,True,23
1245,1292,DLN2,K80004044,Push Button Blood Collection,2.0,2022-06-22,202206,T-不計價,True,25
1246,1293,DLN2,K80004044,Push Button Blood Collection,1.0,2022-07-18,202207,T-不計價,True,29
1247,1294,DLN2,K80004044,Push Button Blood Collection,2.0,2022-07-25,202207,T-不計價,True,30
1248,1295,DLN2,K80004044,Push Button Blood Collection,1.0,2022-08-01,202208,T-不計價,True,31
1249,1296,DLN2,K80004044,Push Button Blood Collection,1.0,2022-08-01,202208,T-不計價,True,31
1250,1297,DLN2,K80004044,Push Button Blood Collection,1.0,2022-08-01,202208,T-不計價,True,31
1251,1298,DLN2,K80004044,Push Button Blood Collection,1.0,2022-08-01,202208,T-不計價,True,31
1252,1299,DLN2,K80004044,Push Button Blood Collection,2.0,2022-08-03,202208,T-不計價,True,31
1253,1300,DLN2,K80004044,Push Button Blood Collection,1.0,2022-08-05,202208,T-不計價,True,31
1254,1301,DLN2,K80004044,Push Button Blood Collection,2.0,2022-08-15,202208,T-不計價,True,33
1255,1302,DLN2,K80004044,Push Button Blood Collection,1.0,2022-08-15,202208,T-不計價,True,33
1256,1303,DLN2,K80004044,Push Button Blood Collection,1.0,2022-08-15,202208,T-不計價,True,33
1257,1304,DLN2,K80004044,Push Button Blood Collection,3.0,2022-08-15,202208,T-不計價,True,33
1258,1305,DLN2,K80004044,Push Button Blood Collection,2.0,2022-08-21,202208,T-不計價,False,33
1259,1306,DLN2,K80004044,Push Button Blood Collection,1.0,2022-08-22,202208,T-不計價,True,34
1260,1307,DLN2,K80004044,Push Button Blood Collection,1.0,2022-08-22,202208,T-不計價,True,34
1261,1308,DLN2,K80004044,Push Button Blood Collection,1.0,2022-08-22,202208,T-不計價,True,34
1262,1309,DLN2,K80004044,Push Button Blood Collection,1.0,2022-08-22,202208,T-不計價,True,34
1263,1310,DLN2,K80004044,Push Button Blood Collection,1.0,2022-08-22,202208,T-不計價,True,34
1264,1311,DLN2,K80004044,Push Button Blood Collection,1.0,2022-08-22,202208,T-不計價,True,34
1265,1312,DLN2,K80004044,Push Button Blood Collection,1.0,2022-08-22,202208,T-不計價,True,34
1266,1313,DLN2,K80004044,Push Button Blood Collection,1.0,2022-08-22,202208,T-不計價,True,34
1267,1314,DLN2,K80004044,Push Button Blood Collection,1.0,2022-08-29,202208,T-不計價,True,35
1268,1315,DLN2,K80004044,Push Button Blood Collection,1.0,2022-08-29,202208,T-不計價,True,35
1269,1316,DLN2,K80004044,Push Button Blood Collection,1.0,2022-08-29,202208,T-不計價,True,35
1270,1317,DLN2,K80004044,Push Button Blood Collection,1.0,2022-08-29,202208,T-不計價,True,35
1271,1318,DLN2,K80004044,Push Button Blood Collection,1.0,2022-08-30,202208,T-不計價,True,35
1272,1319,DLN2,K80004044,Push Button Blood Collection,1.0,2022-09-05,202209,T-不計價,True,36
1273,1320,DLN2,K80004044,Push Button Blood Collection,1.0,2022-09-05,202209,T-不計價,True,36
1274,1321,DLN2,K80004044,Push Button Blood Collection,1.0,2022-09-05,202209,T-不計價,True,36
1275,1322,DLN2,K80004044,Push Button Blood Collection,1.0,2022-09-05,202209,T-不計價,True,36
1276,1323,DLN2,K80004044,Push Button Blood Collection,1.0,2022-09-05,202209,T-不計價,True,36
1277,1324,DLN2,K80004044,Push Button Blood Collection,1.0,2022-09-08,202209,T-不計價,True,36
1278,1325,DLN2,K80004044,Push Button Blood Collection,1.0,2022-09-12,202209,T-不計價,False,37
1279,1326,DLN2,K80004044,Push Button Blood Collection,1.0,2022-09-12,202209,T-不計價,False,37
1280,1327,DLN2,K80004044,Push Button Blood Collection,1.0,2022-09-12,202209,T-不計價,False,37
1281,1328,DLN2,K80004044,Push Button Blood Collection,1.0,2022-09-12,202209,T-不計價,False,37
1282,1329,DLN2,K80004044,Push Button Blood Collection,1.0,2022-09-19,202209,T-不計價,True,38
1283,1330,DLN2,K80004044,Push Button Blood Collection,1.0,2022-09-19,202209,T-不計價,True,38
1284,1331,DLN2,K80004044,Push Button Blood Collection,2.0,2022-09-26,202209,T-不計價,True,39
1285,1332,DLN2,K80004044,Push Button Blood Collection,2.0,2022-09-26,202209,T-不計價,True,39
1286,1333,DLN2,K80004044,Push Button Blood Collection,1.0,2022-09-26,202209,T-不計價,True,39
1287,1334,DLN2,K80004044,Push Button Blood Collection,1.0,2022-09-26,202209,T-不計價,True,39
1288,1335,DLN2,K80004044,Push Button Blood Collection,1.0,2022-09-26,202209,T-不計價,True,39
1289,1336,DLN2,K80004044,Push Button Blood Collection,1.0,2022-09-26,202209,T-不計價,True,39
1290,1337,DLN2,K80004044,Push Button Blood Collection,1.0,2022-09-26,202209,T-不計價,True,39
1291,1338,DLN2,K80004044,Push Button Blood Collection,2.0,2022-09-26,202209,T-不計價,True,39
1292,1339,DLN2,K80004044,Push Button Blood Collection,1.0,2022-09-26,202209,T-不計價,True,39
1293,1340,DLN2,K80004044,Push Button Blood Collection,1.0,2022-10-03,202210,T-不計價,False,40
1294,1341,DLN2,K80004044,Push Button Blood Collection,1.0,2022-10-10,202210,T-不計價,True,41
1295,1342,DLN2,K80004044,Push Button Blood Collection,2.0,2022-10-10,202210,T-不計價,True,41
1296,1343,DLN2,K80004044,Push Button Blood Collection,1.0,2022-10-10,202210,T-不計價,True,41
1297,1344,DLN2,K80004044,Push Button Blood Collection,2.0,2022-10-10,202210,T-不計價,True,41
1298,1345,DLN2,K80004044,Push Button Blood Collection,1.0,2022-10-17,202210,T-不計價,True,42
1299,1346,DLN2,K80004044,Push Button Blood Collection,1.0,2022-10-24,202210,T-不計價,True,43
1300,1347,DLN2,K80004044,Push Button Blood Collection,1.0,2022-10-24,202210,T-不計價,True,43
1301,1348,DLN2,K80004044,Push Button Blood Collection,1.0,2022-10-24,202210,T-不計價,True,43
1302,1349,DLN2,K80004044,Push Button Blood Collection,1.0,2022-10-24,202210,T-不計價,True,43
1303,1350,DLN2,K80004044,Push Button Blood Collection,1.0,2022-10-24,202210,T-不計價,True,43
1304,1351,DLN2,K80004044,Push Button Blood Collection,1.0,2022-10-24,202210,T-不計價,True,43
1305,1352,DLN2,K80004044,Push Button Blood Collection,1.0,2022-10-24,202210,T-不計價,True,43
1306,1353,DLN2,K80004044,Push Button Blood Collection,1.0,2022-10-24,202210,T-不計價,True,43
1307,1354,DLN2,K80004044,Push Button Blood Collection,1.0,2022-10-24,202210,T-不計價,True,43
1308,1355,DLN2,K80004044,Push Button Blood Collection,1.0,2022-10-31,202210,T-不計價,True,44
1309,1356,DLN2,K80004044,Push Button Blood Collection,1.0,2022-10-31,202210,T-不計價,True,44
1310,1357,DLN2,K80004044,Push Button Blood Collection,1.0,2022-10-31,202210,T-不計價,True,44
1311,1358,DLN2,K80004044,Push Button Blood Collection,1.0,2022-11-02,202211,T-不計價,True,44
1312,1359,DLN2,K80004044,Push Button Blood Collection,1.0,2022-11-03,202211,T-不計價,True,44
1313,1360,DLN2,K80004044,Push Button Blood Collection,1.0,2022-11-03,202211,T-不計價,True,44
1314,1361,DLN2,K80004044,Push Button Blood Collection,1.0,2022-11-05,202211,T-不計價,False,44
1315,1362,DLN2,K80004044,Push Button Blood Collection,1.0,2022-11-07,202211,T-不計價,True,45
1316,1363,DLN2,K80004044,Push Button Blood Collection,1.0,2022-11-07,202211,T-不計價,True,45
1317,1364,DLN2,K80004044,Push Button Blood Collection,1.0,2022-11-07,202211,T-不計價,True,45
1318,1365,DLN2,K80004044,Push Button Blood Collection,1.0,2022-11-14,202211,T-不計價,True,46
1319,1366,DLN2,K80004044,Push Button Blood Collection,1.0,2022-11-14,202211,T-不計價,True,46
1320,1367,DLN2,K80004044,Push Button Blood Collection,1.0,2022-11-18,202211,T-不計價,True,46
1321,1368,DLN2,K80004044,Push Button Blood Collection,2.0,2022-11-21,202211,T-不計價,True,47
1322,1369,DLN2,K80004044,Push Button Blood Collection,1.0,2022-11-21,202211,T-不計價,True,47
1323,1370,DLN2,K80004044,Push Button Blood Collection,1.0,2022-11-21,202211,T-不計價,True,47
1324,1371,DLN2,K80004044,Push Button Blood Collection,1.0,2022-11-21,202211,T-不計價,True,47
1325,1372,DLN2,K80004044,Push Button Blood Collection,2.0,2022-11-21,202211,T-不計價,True,47
1326,1373,DLN2,K80004044,Push Button Blood Collection,1.0,2022-11-21,202211,T-不計價,True,47
1327,1374,DLN2,K80004044,Push Button Blood Collection,1.0,2022-11-21,202211,T-不計價,True,47
1328,1375,DLN2,K80004044,Push Button Blood Collection,1.0,2022-11-28,202211,T-不計價,True,48
1329,1376,DLN2,K80004044,Push Button Blood Collection,1.0,2022-11-28,202211,T-不計價,True,48
1330,1377,DLN2,K80004044,Push Button Blood Collection,1.0,2022-11-28,202211,T-不計價,True,48
1331,1378,DLN2,K80004044,Push Button Blood Collection,1.0,2022-11-28,202211,T-不計價,True,48
1332,1379,DLN2,K80004044,Push Button Blood Collection,1.0,2022-11-28,202211,T-不計價,True,48
1333,1380,DLN2,K80004044,Push Button Blood Collection,1.0,2022-12-05,202212,T-不計價,True,49
1334,1381,DLN2,K80004044,Push Button Blood Collection,1.0,2022-12-05,202212,T-不計價,True,49
1335,1382,DLN2,K80004044,Push Button Blood Collection,1.0,2022-12-05,202212,T-不計價,True,49
1336,1383,DLN2,K80004044,Push Button Blood Collection,1.0,2022-12-05,202212,T-不計價,True,49
1337,1384,DLN2,K80004044,Push Button Blood Collection,1.0,2022-12-05,202212,T-不計價,True,49
1338,1385,DLN2,K80004044,Push Button Blood Collection,1.0,2022-12-05,202212,T-不計價,True,49
1339,1386,DLN2,K80004044,Push Button Blood Collection,1.0,2022-12-05,202212,T-不計價,True,49
1340,1387,DLN2,K80004044,Push Button Blood Collection,1.0,2022-12-05,202212,T-不計價,True,49
1341,1388,DLN2,K80004044,Push Button Blood Collection,2.0,2022-12-12,202212,T-不計價,True,50
1342,1389,DLN2,K80004044,Push Button Blood Collection,1.0,2022-12-19,202212,T-不計價,True,51
1343,1390,DLN2,K80004044,Push Button Blood Collection,2.0,2022-12-19,202212,T-不計價,True,51
1344,1391,DLN2,K80004044,Push Button Blood Collection,1.0,2022-12-19,202212,T-不計價,True,51
1345,1392,DLN2,K80004044,Push Button Blood Collection,3.0,2022-12-19,202212,T-不計價,True,51
1346,1393,DLN2,K80004044,Push Button Blood Collection,1.0,2022-12-19,202212,T-不計價,True,51
1347,1394,DLN2,K80004044,Push Button Blood Collection,1.0,2022-12-20,202212,T-不計價,True,51
1348,1395,DLN2,K80004044,Push Button Blood Collection,2.0,2022-12-26,202212,T-不計價,True,52
1349,1396,DLN2,K80004044,Push Button Blood Collection,3.0,2022-12-26,202212,T-不計價,True,52
1350,1397,DLN2,K80004044,Push Button Blood Collection,2.0,2022-12-26,202212,T-不計價,True,52
1351,1398,DLN2,K80004044,Push Button Blood Collection,2.0,2022-12-26,202212,T-不計價,True,52
1352,1399,DLN2,K80004044,Push Button Blood Collection,2.0,2022-12-26,202212,T-不計價,True,52
1353,1400,DLN2,K80004044,Push Button Blood Collection,2.0,2022-12-26,202212,T-不計價,True,52
1354,1401,DLN2,K80004044,Push Button Blood Collection,1.0,2022-12-26,202212,T-不計價,True,52
1355,1402,DLN2,T01101016,氧氣口罩成人含接管,1.0,2022-05-08,202205,T-不計價,False,18
1356,1403,DLN2,T01612024,不再吸入口罩,1.0,2022-05-08,202205,T-不計價,False,18
1357,1404,DLN2,U91700000,丟棄式導尿包,1.0,2022-05-02,202205,T-不計價,False,18
1358,1405,DLN2,U91700000,丟棄式導尿包,1.0,2022-05-03,202205,T-不計價,False,18
1359,1406,DLN2,U91700000,丟棄式導尿包,1.0,2022-05-04,202205,T-不計價,False,18
