,庫房,料號,品名,數量,帳務日期,工作日,週,年,工作天數,休假天數
0,DLN5,A46441986,幫浦輸液套(一般型),1.0,2020-12-10,True,50,2020,5.0,2.0
1,DLN5,A46441986,幫浦輸液套(一般型),1.0,2020-12-11,True,50,2020,5.0,2.0
2,DLN5,A46441986,幫浦輸液套(一般型),1.0,2020-12-12,False,50,2020,5.0,2.0
3,DLN5,A46441986,幫浦輸液套(一般型),1.0,2020-12-13,False,50,2020,5.0,2.0
4,DLN5,A46441986,幫浦輸液套(一般型),1.0,2020-12-14,True,51,2020,5.0,2.0
5,DLN5,A46441986,幫浦輸液套(一般型),1.0,2020-12-14,True,51,2020,5.0,2.0
6,DLN5,A46441986,幫浦輸液套(一般型),1.0,2020-12-14,True,51,2020,5.0,2.0
7,DLN5,A46441986,幫浦輸液套(一般型),1.0,2020-12-15,True,51,2020,5.0,2.0
8,DLN5,A46441986,幫浦輸液套(一般型),1.0,2020-12-16,True,51,2020,5.0,2.0
9,DLN5,A46441986,幫浦輸液套(一般型),1.0,2020-12-17,True,51,2020,5.0,2.0
10,DLN5,A46441986,幫浦輸液套(一般型),1.0,2020-12-17,True,51,2020,5.0,2.0
11,DLN5,A46441986,幫浦輸液套(一般型),2.0,2020-12-17,True,51,2020,5.0,2.0
12,DLN5,A46441986,幫浦輸液套(一般型),1.0,2020-12-18,True,51,2020,5.0,2.0
13,DLN5,A46441986,幫浦輸液套(一般型),1.0,2020-12-21,True,52,2020,5.0,2.0
14,DLN5,A46441986,幫浦輸液套(一般型),1.0,2020-12-21,True,52,2020,5.0,2.0
15,DLN5,A46441986,幫浦輸液套(一般型),1.0,2020-12-21,True,52,2020,5.0,2.0
16,DLN5,A46441986,幫浦輸液套(一般型),1.0,2020-12-22,True,52,2020,5.0,2.0
17,DLN5,A46441986,幫浦輸液套(一般型),1.0,2020-12-23,True,52,2020,5.0,2.0
18,DLN5,A46441986,幫浦輸液套(一般型),1.0,2020-12-25,True,52,2020,5.0,2.0
19,DLN5,A46441986,幫浦輸液套(一般型),1.0,2021-01-04,True,1,2021,5.0,2.0
20,DLN5,A46441986,幫浦輸液套(一般型),1.0,2021-01-07,True,1,2021,5.0,2.0
21,DLN5,A46441986,幫浦輸液套(一般型),2.0,2021-01-07,True,1,2021,5.0,2.0
22,DLN5,A46441986,幫浦輸液套(一般型),1.0,2021-01-08,True,1,2021,5.0,2.0
23,DLN5,A46441986,幫浦輸液套(一般型),1.0,2021-01-11,True,2,2021,5.0,2.0
24,DLN5,A46441986,幫浦輸液套(一般型),1.0,2021-01-11,True,2,2021,5.0,2.0
25,DLN5,A46441986,幫浦輸液套(一般型),1.0,2021-01-11,True,2,2021,5.0,2.0
26,DLN5,A46441986,幫浦輸液套(一般型),1.0,2021-01-11,True,2,2021,5.0,2.0
27,DLN5,A46441986,幫浦輸液套(一般型),1.0,2021-01-11,True,2,2021,5.0,2.0
28,DLN5,A46441986,幫浦輸液套(一般型),1.0,2021-01-11,True,2,2021,5.0,2.0
29,DLN5,A46441986,幫浦輸液套(一般型),1.0,2021-01-12,True,2,2021,5.0,2.0
30,DLN5,A46441986,幫浦輸液套(一般型),1.0,2021-01-12,True,2,2021,5.0,2.0
31,DLN5,A46441986,幫浦輸液套(一般型),1.0,2021-01-12,True,2,2021,5.0,2.0
32,DLN5,A46441986,幫浦輸液套(一般型),1.0,2021-01-12,True,2,2021,5.0,2.0
33,DLN5,A46441986,幫浦輸液套(一般型),1.0,2021-01-13,True,2,2021,5.0,2.0
34,DLN5,A46441986,幫浦輸液套(一般型),1.0,2021-01-13,True,2,2021,5.0,2.0
35,DLN5,A46441986,幫浦輸液套(一般型),1.0,2021-01-13,True,2,2021,5.0,2.0
36,DLN5,A46441986,幫浦輸液套(一般型),1.0,2021-01-13,True,2,2021,5.0,2.0
37,DLN5,A46441986,幫浦輸液套(一般型),1.0,2021-01-14,True,2,2021,5.0,2.0
38,DLN5,A46441986,幫浦輸液套(一般型),1.0,2021-01-15,True,2,2021,5.0,2.0
39,DLN5,A46441986,幫浦輸液套(一般型),1.0,2021-01-15,True,2,2021,5.0,2.0
40,DLN5,A46441986,幫浦輸液套(一般型),1.0,2021-01-15,True,2,2021,5.0,2.0
41,DLN5,A46441986,幫浦輸液套(一般型),1.0,2021-01-16,False,2,2021,5.0,2.0
42,DLN5,A46441986,幫浦輸液套(一般型),1.0,2021-01-21,True,3,2021,5.0,2.0
43,DLN5,A46441986,幫浦輸液套(一般型),1.0,2021-01-22,True,3,2021,5.0,2.0
44,DLN5,A46441986,幫浦輸液套(一般型),1.0,2021-01-25,True,4,2021,5.0,2.0
45,DLN5,A46441986,幫浦輸液套(一般型),1.0,2021-01-25,True,4,2021,5.0,2.0
46,DLN5,A46441986,幫浦輸液套(一般型),1.0,2021-01-28,True,4,2021,5.0,2.0
47,DLN5,A46441986,幫浦輸液套(一般型),1.0,2021-01-28,True,4,2021,5.0,2.0
48,DLN5,A46441986,幫浦輸液套(一般型),2.0,2021-01-28,True,4,2021,5.0,2.0
49,DLN5,A46441986,幫浦輸液套(一般型),1.0,2021-01-29,True,4,2021,5.0,2.0
50,DLN5,A46441986,幫浦輸液套(一般型),1.0,2021-01-31,False,4,2021,5.0,2.0
51,DLN5,A46441986,幫浦輸液套(一般型),1.0,2021-02-01,True,5,2021,5.0,2.0
52,DLN5,A46441986,幫浦輸液套(一般型),1.0,2021-02-01,True,5,2021,5.0,2.0
53,DLN5,A46441986,幫浦輸液套(一般型),1.0,2021-02-01,True,5,2021,5.0,2.0
54,DLN5,A46441986,幫浦輸液套(一般型),1.0,2021-02-01,True,5,2021,5.0,2.0
55,DLN5,A46441986,幫浦輸液套(一般型),1.0,2021-02-02,True,5,2021,5.0,2.0
56,DLN5,A46441986,幫浦輸液套(一般型),1.0,2021-02-03,True,5,2021,5.0,2.0
57,DLN5,A46441986,幫浦輸液套(一般型),1.0,2021-02-04,True,5,2021,5.0,2.0
58,DLN5,A46441986,幫浦輸液套(一般型),1.0,2021-02-05,True,5,2021,5.0,2.0
59,DLN5,A46441986,幫浦輸液套(一般型),1.0,2021-02-05,True,5,2021,5.0,2.0
60,DLN5,A46441986,幫浦輸液套(一般型),1.0,2021-02-05,True,5,2021,5.0,2.0
61,DLN5,A46441986,幫浦輸液套(一般型),1.0,2021-02-05,True,5,2021,5.0,2.0
62,DLN5,A46441986,幫浦輸液套(一般型),1.0,2021-02-16,False,7,2021,3.0,4.0
63,DLN5,A46441986,幫浦輸液套(一般型),1.0,2021-02-16,False,7,2021,3.0,4.0
64,DLN5,A46441986,幫浦輸液套(一般型),1.0,2021-02-17,False,7,2021,3.0,4.0
65,DLN5,A46441986,幫浦輸液套(一般型),1.0,2021-02-17,False,7,2021,3.0,4.0
66,DLN5,A46441986,幫浦輸液套(一般型),1.0,2021-02-18,True,7,2021,3.0,4.0
67,DLN5,A46441986,幫浦輸液套(一般型),1.0,2021-02-18,True,7,2021,3.0,4.0
68,DLN5,A46441986,幫浦輸液套(一般型),1.0,2021-02-19,True,7,2021,3.0,4.0
69,DLN5,A46441986,幫浦輸液套(一般型),1.0,2021-02-19,True,7,2021,3.0,4.0
70,DLN5,A46441986,幫浦輸液套(一般型),1.0,2021-02-19,True,7,2021,3.0,4.0
71,DLN5,A46441986,幫浦輸液套(一般型),1.0,2021-02-21,False,7,2021,3.0,4.0
72,DLN5,A46441986,幫浦輸液套(一般型),1.0,2021-02-22,True,8,2021,5.0,2.0
73,DLN5,A46441986,幫浦輸液套(一般型),1.0,2021-02-22,True,8,2021,5.0,2.0
74,DLN5,A46441986,幫浦輸液套(一般型),1.0,2021-02-22,True,8,2021,5.0,2.0
75,DLN5,A46441986,幫浦輸液套(一般型),1.0,2021-02-22,True,8,2021,5.0,2.0
76,DLN5,A46441986,幫浦輸液套(一般型),1.0,2021-02-24,True,8,2021,5.0,2.0
77,DLN5,A46441986,幫浦輸液套(一般型),1.0,2021-02-26,True,8,2021,5.0,2.0
78,DLN5,A46441986,幫浦輸液套(一般型),1.0,2021-02-26,True,8,2021,5.0,2.0
79,DLN5,A46441986,幫浦輸液套(一般型),1.0,2021-02-26,True,8,2021,5.0,2.0
80,DLN5,A46441986,幫浦輸液套(一般型),1.0,2021-03-08,True,10,2021,5.0,2.0
81,DLN5,A46441986,幫浦輸液套(一般型),1.0,2021-03-09,True,10,2021,5.0,2.0
82,DLN5,A46441986,幫浦輸液套(一般型),1.0,2021-03-11,True,10,2021,5.0,2.0
83,DLN5,A46441986,幫浦輸液套(一般型),1.0,2021-03-11,True,10,2021,5.0,2.0
84,DLN5,A46441986,幫浦輸液套(一般型),1.0,2021-03-11,True,10,2021,5.0,2.0
85,DLN5,A46441986,幫浦輸液套(一般型),1.0,2021-03-11,True,10,2021,5.0,2.0
86,DLN5,A46441986,幫浦輸液套(一般型),1.0,2021-03-12,True,10,2021,5.0,2.0
87,DLN5,A46441986,幫浦輸液套(一般型),1.0,2021-03-12,True,10,2021,5.0,2.0
88,DLN5,A46441986,幫浦輸液套(一般型),1.0,2021-03-12,True,10,2021,5.0,2.0
89,DLN5,A46441986,幫浦輸液套(一般型),1.0,2021-03-15,True,11,2021,5.0,2.0
90,DLN5,A46441986,幫浦輸液套(一般型),1.0,2021-03-17,True,11,2021,5.0,2.0
91,DLN5,A46441986,幫浦輸液套(一般型),1.0,2021-03-17,True,11,2021,5.0,2.0
92,DLN5,A46441986,幫浦輸液套(一般型),1.0,2021-03-19,True,11,2021,5.0,2.0
93,DLN5,A46441986,幫浦輸液套(一般型),1.0,2021-03-19,True,11,2021,5.0,2.0
94,DLN5,A46441986,幫浦輸液套(一般型),1.0,2021-03-19,True,11,2021,5.0,2.0
95,DLN5,A46441986,幫浦輸液套(一般型),1.0,2021-03-22,True,12,2021,5.0,2.0
96,DLN5,A46441986,幫浦輸液套(一般型),1.0,2021-03-24,True,12,2021,5.0,2.0
97,DLN5,A46441986,幫浦輸液套(一般型),1.0,2021-03-29,True,13,2021,4.0,3.0
98,DLN5,A46441986,幫浦輸液套(一般型),1.0,2021-03-30,True,13,2021,4.0,3.0
99,DLN5,A46441986,幫浦輸液套(一般型),1.0,2021-04-01,True,13,2021,4.0,3.0
100,DLN5,A46441986,幫浦輸液套(一般型),1.0,2021-04-01,True,13,2021,4.0,3.0
101,DLN5,A46441986,幫浦輸液套(一般型),1.0,2021-04-01,True,13,2021,4.0,3.0
102,DLN5,A46441986,幫浦輸液套(一般型),1.0,2021-04-01,True,13,2021,4.0,3.0
103,DLN5,A46441986,幫浦輸液套(一般型),1.0,2021-04-01,True,13,2021,4.0,3.0
104,DLN5,A46441986,幫浦輸液套(一般型),1.0,2021-04-06,True,14,2021,4.0,3.0
105,DLN5,A46441986,幫浦輸液套(一般型),1.0,2021-04-06,True,14,2021,4.0,3.0
106,DLN5,A46441986,幫浦輸液套(一般型),1.0,2021-04-06,True,14,2021,4.0,3.0
107,DLN5,A46441986,幫浦輸液套(一般型),1.0,2021-04-07,True,14,2021,4.0,3.0
108,DLN5,A46441986,幫浦輸液套(一般型),1.0,2021-04-08,True,14,2021,4.0,3.0
109,DLN5,A46441986,幫浦輸液套(一般型),1.0,2021-04-08,True,14,2021,4.0,3.0
110,DLN5,A46441986,幫浦輸液套(一般型),1.0,2021-04-09,True,14,2021,4.0,3.0
111,DLN5,A46441986,幫浦輸液套(一般型),1.0,2021-04-09,True,14,2021,4.0,3.0
112,DLN5,A46441986,幫浦輸液套(一般型),1.0,2021-04-09,True,14,2021,4.0,3.0
113,DLN5,A46441986,幫浦輸液套(一般型),1.0,2021-04-09,True,14,2021,4.0,3.0
114,DLN5,A46441986,幫浦輸液套(一般型),1.0,2021-04-11,False,14,2021,4.0,3.0
115,DLN5,A46441986,幫浦輸液套(一般型),1.0,2021-04-12,True,15,2021,5.0,2.0
116,DLN5,A46441986,幫浦輸液套(一般型),1.0,2021-04-14,True,15,2021,5.0,2.0
117,DLN5,A46441986,幫浦輸液套(一般型),1.0,2021-04-19,True,16,2021,5.0,2.0
118,DLN5,A46441986,幫浦輸液套(一般型),1.0,2021-04-20,True,16,2021,5.0,2.0
119,DLN5,A46441986,幫浦輸液套(一般型),1.0,2021-04-21,True,16,2021,5.0,2.0
120,DLN5,A46441986,幫浦輸液套(一般型),1.0,2021-04-22,True,16,2021,5.0,2.0
121,DLN5,A46441986,幫浦輸液套(一般型),1.0,2021-04-22,True,16,2021,5.0,2.0
122,DLN5,A46441986,幫浦輸液套(一般型),2.0,2021-04-22,True,16,2021,5.0,2.0
123,DLN5,A46441986,幫浦輸液套(一般型),1.0,2021-04-23,True,16,2021,5.0,2.0
124,DLN5,A46441986,幫浦輸液套(一般型),1.0,2021-04-26,True,17,2021,5.0,2.0
125,DLN5,A46441986,幫浦輸液套(一般型),1.0,2021-04-27,True,17,2021,5.0,2.0
126,DLN5,A46441986,幫浦輸液套(一般型),2.0,2021-04-27,True,17,2021,5.0,2.0
127,DLN5,A46441986,幫浦輸液套(一般型),1.0,2021-04-28,True,17,2021,5.0,2.0
128,DLN5,A46441986,幫浦輸液套(一般型),1.0,2021-04-29,True,17,2021,5.0,2.0
129,DLN5,A46441986,幫浦輸液套(一般型),1.0,2021-04-29,True,17,2021,5.0,2.0
130,DLN5,A46441986,幫浦輸液套(一般型),1.0,2021-04-30,True,17,2021,5.0,2.0
131,DLN5,A46441986,幫浦輸液套(一般型),2.0,2021-05-01,False,17,2021,5.0,2.0
132,DLN5,A46441986,幫浦輸液套(一般型),1.0,2021-05-05,False,18,2021,5.0,2.0
133,DLN5,A46441986,幫浦輸液套(一般型),1.0,2021-05-10,True,19,2021,5.0,2.0
134,DLN5,A46441986,幫浦輸液套(一般型),1.0,2021-05-11,True,19,2021,5.0,2.0
135,DLN5,A46441986,幫浦輸液套(一般型),1.0,2021-05-13,True,19,2021,5.0,2.0
136,DLN5,A46441986,幫浦輸液套(一般型),1.0,2021-05-14,True,19,2021,5.0,2.0
137,DLN5,A46441986,幫浦輸液套(一般型),1.0,2021-05-17,True,20,2021,5.0,2.0
138,DLN5,A46441986,幫浦輸液套(一般型),1.0,2021-05-18,True,20,2021,5.0,2.0
139,DLN5,A46441986,幫浦輸液套(一般型),1.0,2021-05-19,True,20,2021,5.0,2.0
140,DLN5,A46441986,幫浦輸液套(一般型),1.0,2021-05-19,True,20,2021,5.0,2.0
141,DLN5,A46441986,幫浦輸液套(一般型),1.0,2021-05-19,True,20,2021,5.0,2.0
142,DLN5,A46441986,幫浦輸液套(一般型),1.0,2021-05-21,True,20,2021,5.0,2.0
143,DLN5,A46441986,幫浦輸液套(一般型),1.0,2021-05-21,True,20,2021,5.0,2.0
144,DLN5,A46441986,幫浦輸液套(一般型),1.0,2021-05-21,True,20,2021,5.0,2.0
145,DLN5,A46441986,幫浦輸液套(一般型),1.0,2021-05-31,True,22,2021,5.0,2.0
146,DLN5,A46441986,幫浦輸液套(一般型),1.0,2021-05-31,True,22,2021,5.0,2.0
147,DLN5,A46441986,幫浦輸液套(一般型),1.0,2021-06-01,True,22,2021,5.0,2.0
148,DLN5,A46441986,幫浦輸液套(一般型),1.0,2021-06-02,True,22,2021,5.0,2.0
149,DLN5,A46441986,幫浦輸液套(一般型),1.0,2021-06-04,True,22,2021,5.0,2.0
150,DLN5,A46441986,幫浦輸液套(一般型),1.0,2021-06-07,True,23,2021,5.0,2.0
151,DLN5,A46441986,幫浦輸液套(一般型),1.0,2021-06-08,True,23,2021,5.0,2.0
152,DLN5,A46441986,幫浦輸液套(一般型),1.0,2021-06-11,True,23,2021,5.0,2.0
153,DLN5,A46441986,幫浦輸液套(一般型),1.0,2021-06-11,True,23,2021,5.0,2.0
154,DLN5,A46441986,幫浦輸液套(一般型),1.0,2021-06-11,True,23,2021,5.0,2.0
155,DLN5,A46441986,幫浦輸液套(一般型),1.0,2021-06-12,False,23,2021,5.0,2.0
156,DLN5,A46441986,幫浦輸液套(一般型),1.0,2021-06-13,False,23,2021,5.0,2.0
157,DLN5,A46441986,幫浦輸液套(一般型),1.0,2021-06-15,True,24,2021,4.0,3.0
158,DLN5,A46441986,幫浦輸液套(一般型),1.0,2021-06-15,True,24,2021,4.0,3.0
159,DLN5,A46441986,幫浦輸液套(一般型),1.0,2021-06-20,False,24,2021,4.0,3.0
160,DLN5,A46441986,幫浦輸液套(一般型),1.0,2021-06-21,True,25,2021,5.0,2.0
161,DLN5,A46441986,幫浦輸液套(一般型),1.0,2021-06-21,True,25,2021,5.0,2.0
162,DLN5,A46441986,幫浦輸液套(一般型),1.0,2021-06-22,True,25,2021,5.0,2.0
163,DLN5,A46441986,幫浦輸液套(一般型),1.0,2021-06-23,True,25,2021,5.0,2.0
164,DLN5,A46441986,幫浦輸液套(一般型),1.0,2021-06-23,True,25,2021,5.0,2.0
165,DLN5,A46441986,幫浦輸液套(一般型),1.0,2021-06-24,True,25,2021,5.0,2.0
166,DLN5,A46441986,幫浦輸液套(一般型),1.0,2021-06-25,True,25,2021,5.0,2.0
167,DLN5,A46441986,幫浦輸液套(一般型),1.0,2021-06-25,True,25,2021,5.0,2.0
168,DLN5,A46441986,幫浦輸液套(一般型),1.0,2021-06-28,True,26,2021,5.0,2.0
169,DLN5,A46441986,幫浦輸液套(一般型),1.0,2021-06-28,True,26,2021,5.0,2.0
170,DLN5,A46441986,幫浦輸液套(一般型),1.0,2021-06-29,True,26,2021,5.0,2.0
171,DLN5,A46441986,幫浦輸液套(一般型),1.0,2021-07-02,True,26,2021,5.0,2.0
172,DLN5,A46441986,幫浦輸液套(一般型),1.0,2021-07-07,True,27,2021,5.0,2.0
173,DLN5,A46441986,幫浦輸液套(一般型),1.0,2021-07-12,True,28,2021,5.0,2.0
174,DLN5,A46441986,幫浦輸液套(一般型),1.0,2021-07-14,True,28,2021,5.0,2.0
175,DLN5,A46441986,幫浦輸液套(一般型),1.0,2021-07-15,True,28,2021,5.0,2.0
176,DLN5,A46441986,幫浦輸液套(一般型),1.0,2021-07-16,True,28,2021,5.0,2.0
177,DLN5,A46441986,幫浦輸液套(一般型),1.0,2021-07-16,True,28,2021,5.0,2.0
178,DLN5,A46441986,幫浦輸液套(一般型),1.0,2021-07-17,False,28,2021,5.0,2.0
179,DLN5,A46441986,幫浦輸液套(一般型),1.0,2021-07-18,False,28,2021,5.0,2.0
180,DLN5,A46441986,幫浦輸液套(一般型),1.0,2021-07-19,True,29,2021,5.0,2.0
181,DLN5,A46441986,幫浦輸液套(一般型),1.0,2021-07-19,True,29,2021,5.0,2.0
182,DLN5,A46441986,幫浦輸液套(一般型),1.0,2021-07-19,True,29,2021,5.0,2.0
183,DLN5,A46441986,幫浦輸液套(一般型),1.0,2021-07-20,True,29,2021,5.0,2.0
184,DLN5,A46441986,幫浦輸液套(一般型),1.0,2021-07-23,True,29,2021,5.0,2.0
185,DLN5,A46441986,幫浦輸液套(一般型),2.0,2021-07-23,True,29,2021,5.0,2.0
186,DLN5,A46441986,幫浦輸液套(一般型),2.0,2021-07-27,True,30,2021,5.0,2.0
187,DLN5,A46441986,幫浦輸液套(一般型),1.0,2021-07-29,True,30,2021,5.0,2.0
188,DLN5,A46441986,幫浦輸液套(一般型),1.0,2021-07-30,True,30,2021,5.0,2.0
189,DLN5,A46441986,幫浦輸液套(一般型),1.0,2021-08-02,True,31,2021,5.0,2.0
190,DLN5,A46441986,幫浦輸液套(一般型),1.0,2021-08-05,True,31,2021,5.0,2.0
191,DLN5,A46441986,幫浦輸液套(一般型),1.0,2021-08-06,True,31,2021,5.0,2.0
192,DLN5,A46441986,幫浦輸液套(一般型),1.0,2021-08-06,True,31,2021,5.0,2.0
193,DLN5,A46441986,幫浦輸液套(一般型),1.0,2021-08-09,True,32,2021,5.0,2.0
194,DLN5,A46441986,幫浦輸液套(一般型),1.0,2021-08-09,True,32,2021,5.0,2.0
195,DLN5,A46441986,幫浦輸液套(一般型),1.0,2021-08-10,True,32,2021,5.0,2.0
196,DLN5,A46441986,幫浦輸液套(一般型),1.0,2021-08-11,True,32,2021,5.0,2.0
197,DLN5,A46441986,幫浦輸液套(一般型),1.0,2021-08-12,True,32,2021,5.0,2.0
198,DLN5,A46441986,幫浦輸液套(一般型),1.0,2021-08-13,True,32,2021,5.0,2.0
199,DLN5,A46441986,幫浦輸液套(一般型),1.0,2021-08-16,True,33,2021,5.0,2.0
200,DLN5,A46441986,幫浦輸液套(一般型),1.0,2021-08-20,True,33,2021,5.0,2.0
201,DLN5,A46441986,幫浦輸液套(一般型),1.0,2021-08-20,True,33,2021,5.0,2.0
202,DLN5,A46441986,幫浦輸液套(一般型),1.0,2021-08-20,True,33,2021,5.0,2.0
203,DLN5,A46441986,幫浦輸液套(一般型),1.0,2021-08-23,True,34,2021,5.0,2.0
204,DLN5,A46441986,幫浦輸液套(一般型),1.0,2021-08-25,True,34,2021,5.0,2.0
205,DLN5,A46441986,幫浦輸液套(一般型),1.0,2021-08-25,True,34,2021,5.0,2.0
206,DLN5,A46441986,幫浦輸液套(一般型),1.0,2021-08-26,True,34,2021,5.0,2.0
207,DLN5,A46441986,幫浦輸液套(一般型),1.0,2021-08-26,True,34,2021,5.0,2.0
208,DLN5,A46441986,幫浦輸液套(一般型),1.0,2021-08-27,True,34,2021,5.0,2.0
209,DLN5,A46441986,幫浦輸液套(一般型),1.0,2021-08-27,True,34,2021,5.0,2.0
210,DLN5,A46441986,幫浦輸液套(一般型),1.0,2021-08-27,True,34,2021,5.0,2.0
211,DLN5,A46441986,幫浦輸液套(一般型),1.0,2021-08-30,True,35,2021,4.0,3.0
212,DLN5,A46441986,幫浦輸液套(一般型),1.0,2021-08-30,True,35,2021,4.0,3.0
213,DLN5,A46441986,幫浦輸液套(一般型),1.0,2021-09-01,True,35,2021,4.0,3.0
214,DLN5,A46441986,幫浦輸液套(一般型),1.0,2021-09-02,True,35,2021,4.0,3.0
215,DLN5,A46441986,幫浦輸液套(一般型),1.0,2021-09-02,True,35,2021,4.0,3.0
216,DLN5,A46441986,幫浦輸液套(一般型),1.0,2021-09-03,True,35,2021,4.0,3.0
217,DLN5,A46441986,幫浦輸液套(一般型),1.0,2021-09-03,True,35,2021,4.0,3.0
218,DLN5,A46441986,幫浦輸液套(一般型),1.0,2021-09-03,True,35,2021,4.0,3.0
219,DLN5,A46441986,幫浦輸液套(一般型),1.0,2021-09-05,False,35,2021,4.0,3.0
220,DLN5,A46441986,幫浦輸液套(一般型),1.0,2021-09-08,True,36,2021,5.0,2.0
221,DLN5,A46441986,幫浦輸液套(一般型),2.0,2021-09-08,True,36,2021,5.0,2.0
222,DLN5,A46441986,幫浦輸液套(一般型),1.0,2021-09-08,True,36,2021,5.0,2.0
223,DLN5,A46441986,幫浦輸液套(一般型),1.0,2021-09-08,True,36,2021,5.0,2.0
224,DLN5,A46441986,幫浦輸液套(一般型),1.0,2021-09-09,True,36,2021,5.0,2.0
225,DLN5,A46441986,幫浦輸液套(一般型),2.0,2021-09-09,True,36,2021,5.0,2.0
226,DLN5,A46441986,幫浦輸液套(一般型),1.0,2021-09-10,True,36,2021,5.0,2.0
227,DLN5,A46441986,幫浦輸液套(一般型),1.0,2021-09-10,True,36,2021,5.0,2.0
228,DLN5,A46441986,幫浦輸液套(一般型),1.0,2021-09-11,False,36,2021,5.0,2.0
229,DLN5,A46441986,幫浦輸液套(一般型),1.0,2021-09-12,False,36,2021,5.0,2.0
230,DLN5,A46441986,幫浦輸液套(一般型),1.0,2021-09-13,True,37,2021,5.0,2.0
231,DLN5,A46441986,幫浦輸液套(一般型),2.0,2021-09-13,True,37,2021,5.0,2.0
232,DLN5,A46441986,幫浦輸液套(一般型),1.0,2021-09-17,True,37,2021,5.0,2.0
233,DLN5,A46441986,幫浦輸液套(一般型),1.0,2021-09-17,True,37,2021,5.0,2.0
234,DLN5,A46441986,幫浦輸液套(一般型),1.0,2021-09-17,True,37,2021,5.0,2.0
235,DLN5,A46441986,幫浦輸液套(一般型),1.0,2021-09-17,True,37,2021,5.0,2.0
236,DLN5,A46441986,幫浦輸液套(一般型),1.0,2021-09-17,True,37,2021,5.0,2.0
237,DLN5,A46441986,幫浦輸液套(一般型),1.0,2021-09-21,False,38,2021,3.0,4.0
238,DLN5,A46441986,幫浦輸液套(一般型),1.0,2021-09-22,True,38,2021,3.0,4.0
239,DLN5,A46441986,幫浦輸液套(一般型),1.0,2021-09-22,True,38,2021,3.0,4.0
240,DLN5,A46441986,幫浦輸液套(一般型),1.0,2021-09-23,True,38,2021,3.0,4.0
241,DLN5,A46441986,幫浦輸液套(一般型),1.0,2021-09-23,True,38,2021,3.0,4.0
242,DLN5,A46441986,幫浦輸液套(一般型),1.0,2021-09-23,True,38,2021,3.0,4.0
243,DLN5,A46441986,幫浦輸液套(一般型),1.0,2021-09-23,True,38,2021,3.0,4.0
244,DLN5,A46441986,幫浦輸液套(一般型),1.0,2021-09-24,True,38,2021,3.0,4.0
245,DLN5,A46441986,幫浦輸液套(一般型),1.0,2021-09-24,True,38,2021,3.0,4.0
246,DLN5,A46441986,幫浦輸液套(一般型),1.0,2021-09-26,True,38,2021,3.0,4.0
247,DLN5,A46441986,幫浦輸液套(一般型),1.0,2021-09-27,True,39,2021,5.0,2.0
248,DLN5,A46441986,幫浦輸液套(一般型),1.0,2021-09-28,True,39,2021,5.0,2.0
249,DLN5,A46441986,幫浦輸液套(一般型),1.0,2021-09-29,True,39,2021,5.0,2.0
250,DLN5,A46441986,幫浦輸液套(一般型),1.0,2021-09-29,True,39,2021,5.0,2.0
251,DLN5,A46441986,幫浦輸液套(一般型),1.0,2021-09-29,True,39,2021,5.0,2.0
252,DLN5,A46441986,幫浦輸液套(一般型),1.0,2021-10-01,False,39,2021,5.0,2.0
253,DLN5,A46441986,幫浦輸液套(一般型),1.0,2021-10-01,False,39,2021,5.0,2.0
254,DLN5,A46441986,幫浦輸液套(一般型),1.0,2021-10-01,False,39,2021,5.0,2.0
255,DLN5,A46441986,幫浦輸液套(一般型),1.0,2021-10-06,False,40,2021,5.0,2.0
256,DLN5,A46441986,幫浦輸液套(一般型),1.0,2021-10-07,False,40,2021,5.0,2.0
257,DLN5,A46441986,幫浦輸液套(一般型),1.0,2021-10-08,True,40,2021,5.0,2.0
258,DLN5,A46441986,幫浦輸液套(一般型),1.0,2021-10-08,True,40,2021,5.0,2.0
259,DLN5,A46441986,幫浦輸液套(一般型),1.0,2021-10-14,True,41,2021,4.0,3.0
260,DLN5,A46441986,幫浦輸液套(一般型),1.0,2021-10-14,True,41,2021,4.0,3.0
261,DLN5,A46441986,幫浦輸液套(一般型),1.0,2021-10-15,True,41,2021,4.0,3.0
262,DLN5,A46441986,幫浦輸液套(一般型),1.0,2021-10-15,True,41,2021,4.0,3.0
263,DLN5,A46441986,幫浦輸液套(一般型),1.0,2021-10-15,True,41,2021,4.0,3.0
264,DLN5,A46441986,幫浦輸液套(一般型),1.0,2021-10-20,True,42,2021,5.0,2.0
265,DLN5,A46441986,幫浦輸液套(一般型),1.0,2021-10-22,True,42,2021,5.0,2.0
266,DLN5,A46441986,幫浦輸液套(一般型),1.0,2021-10-22,True,42,2021,5.0,2.0
267,DLN5,A46441986,幫浦輸液套(一般型),1.0,2021-10-22,True,42,2021,5.0,2.0
268,DLN5,A46441986,幫浦輸液套(一般型),1.0,2021-10-22,True,42,2021,5.0,2.0
269,DLN5,A46441986,幫浦輸液套(一般型),1.0,2021-10-27,True,43,2021,5.0,2.0
270,DLN5,A46441986,幫浦輸液套(一般型),1.0,2021-10-28,True,43,2021,5.0,2.0
271,DLN5,A46441986,幫浦輸液套(一般型),1.0,2021-10-28,True,43,2021,5.0,2.0
272,DLN5,A46441986,幫浦輸液套(一般型),1.0,2021-10-29,True,43,2021,5.0,2.0
273,DLN5,A46441986,幫浦輸液套(一般型),1.0,2021-11-01,True,44,2021,5.0,2.0
274,DLN5,A46441986,幫浦輸液套(一般型),1.0,2021-11-03,True,44,2021,5.0,2.0
275,DLN5,A46441986,幫浦輸液套(一般型),1.0,2021-11-05,True,44,2021,5.0,2.0
276,DLN5,A46441986,幫浦輸液套(一般型),1.0,2021-11-05,True,44,2021,5.0,2.0
277,DLN5,A46441986,幫浦輸液套(一般型),1.0,2021-11-07,False,44,2021,5.0,2.0
278,DLN5,A46441986,幫浦輸液套(一般型),1.0,2021-11-08,True,45,2021,5.0,2.0
279,DLN5,A46441986,幫浦輸液套(一般型),1.0,2021-11-09,True,45,2021,5.0,2.0
280,DLN5,A46441986,幫浦輸液套(一般型),1.0,2021-11-09,True,45,2021,5.0,2.0
281,DLN5,A46441986,幫浦輸液套(一般型),1.0,2021-11-10,True,45,2021,5.0,2.0
282,DLN5,A46441986,幫浦輸液套(一般型),1.0,2021-11-10,True,45,2021,5.0,2.0
283,DLN5,A46441986,幫浦輸液套(一般型),1.0,2021-11-11,True,45,2021,5.0,2.0
284,DLN5,A46441986,幫浦輸液套(一般型),1.0,2021-11-12,True,45,2021,5.0,2.0
285,DLN5,A46441986,幫浦輸液套(一般型),1.0,2021-11-15,True,46,2021,5.0,2.0
286,DLN5,A46441986,幫浦輸液套(一般型),1.0,2021-11-17,True,46,2021,5.0,2.0
287,DLN5,A46441986,幫浦輸液套(一般型),1.0,2021-11-19,True,46,2021,5.0,2.0
288,DLN5,A46441986,幫浦輸液套(一般型),1.0,2021-11-22,True,47,2021,5.0,2.0
289,DLN5,A46441986,幫浦輸液套(一般型),1.0,2021-11-26,True,47,2021,5.0,2.0
290,DLN5,A46441986,幫浦輸液套(一般型),1.0,2021-11-27,False,47,2021,5.0,2.0
291,DLN5,A46441986,幫浦輸液套(一般型),1.0,2021-11-29,True,48,2021,5.0,2.0
292,DLN5,A46441986,幫浦輸液套(一般型),1.0,2021-12-02,True,48,2021,5.0,2.0
293,DLN5,A46441986,幫浦輸液套(一般型),1.0,2021-12-03,True,48,2021,5.0,2.0
294,DLN5,A46441986,幫浦輸液套(一般型),1.0,2021-12-03,True,48,2021,5.0,2.0
295,DLN5,A46441986,幫浦輸液套(一般型),1.0,2021-12-03,True,48,2021,5.0,2.0
296,DLN5,A46441986,幫浦輸液套(一般型),1.0,2021-12-07,True,49,2021,5.0,2.0
297,DLN5,A46441986,幫浦輸液套(一般型),1.0,2021-12-08,True,49,2021,5.0,2.0
298,DLN5,A46441986,幫浦輸液套(一般型),1.0,2021-12-09,True,49,2021,5.0,2.0
299,DLN5,A46441986,幫浦輸液套(一般型),1.0,2021-12-10,True,49,2021,5.0,2.0
300,DLN5,A46441986,幫浦輸液套(一般型),1.0,2021-12-13,True,50,2021,5.0,2.0
301,DLN5,A46441986,幫浦輸液套(一般型),1.0,2021-12-13,True,50,2021,5.0,2.0
302,DLN5,A46441986,幫浦輸液套(一般型),1.0,2021-12-16,True,50,2021,5.0,2.0
303,DLN5,A46441986,幫浦輸液套(一般型),1.0,2021-12-17,True,50,2021,5.0,2.0
304,DLN5,A46441986,幫浦輸液套(一般型),1.0,2021-12-17,True,50,2021,5.0,2.0
305,DLN5,A46441986,幫浦輸液套(一般型),1.0,2021-12-22,True,51,2021,5.0,2.0
306,DLN5,A46441986,幫浦輸液套(一般型),1.0,2021-12-24,True,51,2021,5.0,2.0
307,DLN5,A46441986,幫浦輸液套(一般型),1.0,2021-12-24,True,51,2021,5.0,2.0
308,DLN5,A46441986,幫浦輸液套(一般型),1.0,2021-12-27,True,52,2021,4.0,2.0
309,DLN5,A46441986,幫浦輸液套(一般型),1.0,2021-12-28,True,52,2021,4.0,2.0
310,DLN5,A46441986,幫浦輸液套(一般型),1.0,2021-12-29,True,52,2021,4.0,2.0
311,DLN5,A46441986,幫浦輸液套(一般型),1.0,2021-12-29,True,52,2021,4.0,2.0
312,DLN5,A46441986,幫浦輸液套(一般型),1.0,2021-12-30,True,52,2021,4.0,2.0
313,DLN5,A46441986,幫浦輸液套(一般型),1.0,2021-12-30,True,52,2021,4.0,2.0
314,DLN5,A46441986,幫浦輸液套(一般型),1.0,2022/1/7,True,1,2022,5.0,2.0
315,DLN5,A46441986,幫浦輸液套(一般型),1.0,2022/1/7,True,1,2022,5.0,2.0
316,DLN5,A46441986,幫浦輸液套(一般型),1.0,2022/1/10,True,2,2022,5.0,2.0
317,DLN5,A46441986,幫浦輸液套(一般型),2.0,2022/1/10,True,2,2022,5.0,2.0
318,DLN5,A46441986,幫浦輸液套(一般型),1.0,2022/1/12,True,2,2022,5.0,2.0
319,DLN5,A46441986,幫浦輸液套(一般型),1.0,2022/1/14,True,2,2022,5.0,2.0
320,DLN5,A46441986,幫浦輸液套(一般型),1.0,2022/1/14,True,2,2022,5.0,2.0
321,DLN5,A46441986,幫浦輸液套(一般型),1.0,2022/1/14,True,2,2022,5.0,2.0
322,DLN5,A46441986,幫浦輸液套(一般型),1.0,2022/1/14,True,2,2022,5.0,2.0
323,DLN5,A46441986,幫浦輸液套(一般型),1.0,2022/1/14,True,2,2022,5.0,2.0
324,DLN5,A46441986,幫浦輸液套(一般型),1.0,2022/1/15,False,2,2022,5.0,2.0
325,DLN5,A46441986,幫浦輸液套(一般型),1.0,2022/1/16,False,2,2022,5.0,2.0
326,DLN5,A46441986,幫浦輸液套(一般型),1.0,2022/1/17,True,3,2022,5.0,2.0
327,DLN5,A46441986,幫浦輸液套(一般型),1.0,2022/1/17,True,3,2022,5.0,2.0
328,DLN5,A46441986,幫浦輸液套(一般型),1.0,2022/1/18,True,3,2022,5.0,2.0
329,DLN5,A46441986,幫浦輸液套(一般型),1.0,2022/1/19,True,3,2022,5.0,2.0
330,DLN5,A46441986,幫浦輸液套(一般型),1.0,2022/1/19,True,3,2022,5.0,2.0
331,DLN5,A46441986,幫浦輸液套(一般型),1.0,2022/1/20,True,3,2022,5.0,2.0
332,DLN5,A46441986,幫浦輸液套(一般型),1.0,2022/1/21,True,3,2022,5.0,2.0
333,DLN5,A46441986,幫浦輸液套(一般型),1.0,2022/1/21,True,3,2022,5.0,2.0
334,DLN5,A46441986,幫浦輸液套(一般型),1.0,2022/1/21,True,3,2022,5.0,2.0
335,DLN5,A46441986,幫浦輸液套(一般型),1.0,2022/1/21,True,3,2022,5.0,2.0
336,DLN5,A46441986,幫浦輸液套(一般型),1.0,2022/1/24,True,4,2022,5.0,2.0
337,DLN5,A46441986,幫浦輸液套(一般型),1.0,2022/1/26,True,4,2022,5.0,2.0
338,DLN5,A46441986,幫浦輸液套(一般型),1.0,2022/2/11,True,6,2022,5.0,2.0
339,DLN5,A46441986,幫浦輸液套(一般型),1.0,2022/2/11,True,6,2022,5.0,2.0
340,DLN5,A46441986,幫浦輸液套(一般型),1.0,2022/2/11,True,6,2022,5.0,2.0
341,DLN5,A46441986,幫浦輸液套(一般型),1.0,2022/2/13,False,6,2022,5.0,2.0
342,DLN5,A46441986,幫浦輸液套(一般型),1.0,2022/2/7,True,6,2022,5.0,2.0
343,DLN5,A46441986,幫浦輸液套(一般型),1.0,2022/2/7,True,6,2022,5.0,2.0
344,DLN5,A46441986,幫浦輸液套(一般型),1.0,2022/2/7,True,6,2022,5.0,2.0
345,DLN5,A46441986,幫浦輸液套(一般型),1.0,2022/2/8,True,6,2022,5.0,2.0
346,DLN5,A46441986,幫浦輸液套(一般型),1.0,2022/2/9,True,6,2022,5.0,2.0
347,DLN5,A46441986,幫浦輸液套(一般型),1.0,2022/2/9,True,6,2022,5.0,2.0
348,DLN5,A46441986,幫浦輸液套(一般型),1.0,2022/2/14,True,7,2022,5.0,2.0
349,DLN5,A46441986,幫浦輸液套(一般型),1.0,2022/2/18,True,7,2022,5.0,2.0
350,DLN5,A46441986,幫浦輸液套(一般型),1.0,2022/2/18,True,7,2022,5.0,2.0
351,DLN5,A46441986,幫浦輸液套(一般型),1.0,2022/2/18,True,7,2022,5.0,2.0
352,DLN5,A46441986,幫浦輸液套(一般型),1.0,2022/2/18,True,7,2022,5.0,2.0
353,DLN5,A46441986,幫浦輸液套(一般型),1.0,2022/2/21,True,8,2022,5.0,2.0
354,DLN5,A46441986,幫浦輸液套(一般型),1.0,2022/3/1,True,9,2022,4.0,3.0
355,DLN5,A46441986,幫浦輸液套(一般型),1.0,2022/3/2,True,9,2022,4.0,3.0
356,DLN5,A46441986,幫浦輸液套(一般型),1.0,2022/3/3,True,9,2022,4.0,3.0
357,DLN5,A46441986,幫浦輸液套(一般型),1.0,2022/3/3,True,9,2022,4.0,3.0
358,DLN5,A46441986,幫浦輸液套(一般型),1.0,2022/3/4,True,9,2022,4.0,3.0
359,DLN5,A46441986,幫浦輸液套(一般型),1.0,2022/3/4,True,9,2022,4.0,3.0
360,DLN5,A46441986,幫浦輸液套(一般型),1.0,2022/3/4,True,9,2022,4.0,3.0
361,DLN5,A46441986,幫浦輸液套(一般型),1.0,2022/3/10,True,10,2022,5.0,2.0
362,DLN5,A46441986,幫浦輸液套(一般型),1.0,2022/3/10,True,10,2022,5.0,2.0
363,DLN5,A46441986,幫浦輸液套(一般型),1.0,2022/3/11,True,10,2022,5.0,2.0
364,DLN5,A46441986,幫浦輸液套(一般型),1.0,2022/3/11,True,10,2022,5.0,2.0
365,DLN5,A46441986,幫浦輸液套(一般型),1.0,2022/3/11,True,10,2022,5.0,2.0
366,DLN5,A46441986,幫浦輸液套(一般型),1.0,2022/3/11,True,10,2022,5.0,2.0
367,DLN5,A46441986,幫浦輸液套(一般型),1.0,2022/3/11,True,10,2022,5.0,2.0
368,DLN5,A46441986,幫浦輸液套(一般型),1.0,2022/3/12,False,10,2022,5.0,2.0
369,DLN5,A46441986,幫浦輸液套(一般型),1.0,2022/3/12,False,10,2022,5.0,2.0
370,DLN5,A46441986,幫浦輸液套(一般型),1.0,2022/3/13,False,10,2022,5.0,2.0
371,DLN5,A46441986,幫浦輸液套(一般型),1.0,2022/3/7,True,10,2022,5.0,2.0
372,DLN5,A46441986,幫浦輸液套(一般型),1.0,2022/3/7,True,10,2022,5.0,2.0
373,DLN5,A46441986,幫浦輸液套(一般型),1.0,2022/3/8,True,10,2022,5.0,2.0
374,DLN5,A46441986,幫浦輸液套(一般型),1.0,2022/3/9,True,10,2022,5.0,2.0
375,DLN5,A46441986,幫浦輸液套(一般型),2.0,2022/3/9,True,10,2022,5.0,2.0
376,DLN5,A46441986,幫浦輸液套(一般型),1.0,2022/3/14,True,11,2022,5.0,2.0
377,DLN5,A46441986,幫浦輸液套(一般型),1.0,2022/3/18,True,11,2022,5.0,2.0
378,DLN5,A46441986,幫浦輸液套(一般型),1.0,2022/3/21,True,12,2022,5.0,2.0
379,DLN5,A46441986,幫浦輸液套(一般型),1.0,2022/3/21,True,12,2022,5.0,2.0
380,DLN5,A46441986,幫浦輸液套(一般型),1.0,2022/3/24,True,12,2022,5.0,2.0
381,DLN5,A46441986,幫浦輸液套(一般型),1.0,2022/3/25,True,12,2022,5.0,2.0
382,DLN5,A46441986,幫浦輸液套(一般型),1.0,2022/3/25,True,12,2022,5.0,2.0
383,DLN5,A46441986,幫浦輸液套(一般型),1.0,2022/3/28,True,13,2022,5.0,2.0
384,DLN5,A46441986,幫浦輸液套(一般型),1.0,2022/3/29,True,13,2022,5.0,2.0
385,DLN5,A46441986,幫浦輸液套(一般型),1.0,2022/3/29,True,13,2022,5.0,2.0
386,DLN5,A46441986,幫浦輸液套(一般型),1.0,2022/3/30,True,13,2022,5.0,2.0
387,DLN5,A46441986,幫浦輸液套(一般型),1.0,2022/3/30,True,13,2022,5.0,2.0
388,DLN5,A46441986,幫浦輸液套(一般型),1.0,2022/4/1,True,13,2022,5.0,2.0
389,DLN5,A46441986,幫浦輸液套(一般型),1.0,2022/4/1,True,13,2022,5.0,2.0
390,DLN5,A46441986,幫浦輸液套(一般型),1.0,2022/4/1,True,13,2022,5.0,2.0
391,DLN5,A46441986,幫浦輸液套(一般型),1.0,2022/4/1,True,13,2022,5.0,2.0
392,DLN5,A46441986,幫浦輸液套(一般型),1.0,2022/4/8,True,14,2022,3.0,4.0
393,DLN5,A46441986,幫浦輸液套(一般型),1.0,2022/4/8,True,14,2022,3.0,4.0
394,DLN5,A46441986,幫浦輸液套(一般型),1.0,2022/4/11,True,15,2022,5.0,2.0
395,DLN5,A46441986,幫浦輸液套(一般型),1.0,2022/4/15,True,15,2022,5.0,2.0
396,DLN5,A46441986,幫浦輸液套(一般型),1.0,2022/4/15,True,15,2022,5.0,2.0
397,DLN5,A46441986,幫浦輸液套(一般型),1.0,2022/4/18,True,16,2022,5.0,2.0
398,DLN5,A46441986,幫浦輸液套(一般型),1.0,2022/4/19,True,16,2022,5.0,2.0
399,DLN5,A46441986,幫浦輸液套(一般型),1.0,2022/4/20,True,16,2022,5.0,2.0
400,DLN5,A46441986,幫浦輸液套(一般型),1.0,2022/4/21,True,16,2022,5.0,2.0
401,DLN5,A46441986,幫浦輸液套(一般型),1.0,2022/4/21,True,16,2022,5.0,2.0
402,DLN5,A46441986,幫浦輸液套(一般型),1.0,2022/4/22,True,16,2022,5.0,2.0
403,DLN5,A46441986,幫浦輸液套(一般型),1.0,2022/4/22,True,16,2022,5.0,2.0
404,DLN5,A46441986,幫浦輸液套(一般型),1.0,2022/4/22,True,16,2022,5.0,2.0
405,DLN5,A46441986,幫浦輸液套(一般型),1.0,2022/4/22,True,16,2022,5.0,2.0
406,DLN5,A46441986,幫浦輸液套(一般型),1.0,2022/4/23,False,16,2022,5.0,2.0
407,DLN5,A46441986,幫浦輸液套(一般型),1.0,2022/4/23,False,16,2022,5.0,2.0
408,DLN5,A46441986,幫浦輸液套(一般型),1.0,2022/4/24,True,16,2022,5.0,2.0
409,DLN5,A46441986,幫浦輸液套(一般型),1.0,2022/4/24,True,16,2022,5.0,2.0
410,DLN5,A46441986,幫浦輸液套(一般型),1.0,2022/4/25,True,17,2022,5.0,2.0
411,DLN5,A46441986,幫浦輸液套(一般型),1.0,2022/4/25,True,17,2022,5.0,2.0
412,DLN5,A46441986,幫浦輸液套(一般型),1.0,2022/4/25,True,17,2022,5.0,2.0
413,DLN5,A46441986,幫浦輸液套(一般型),1.0,2022/4/27,True,17,2022,5.0,2.0
414,DLN5,A46441986,幫浦輸液套(一般型),1.0,2022/4/27,True,17,2022,5.0,2.0
415,DLN5,A46441986,幫浦輸液套(一般型),1.0,2022/4/28,True,17,2022,5.0,2.0
416,DLN5,A46441986,幫浦輸液套(一般型),1.0,2022/4/28,True,17,2022,5.0,2.0
417,DLN5,A46441986,幫浦輸液套(一般型),1.0,2022/4/29,True,17,2022,5.0,2.0
418,DLN5,A46441986,幫浦輸液套(一般型),1.0,2022/4/29,True,17,2022,5.0,2.0
419,DLN5,A46441986,幫浦輸液套(一般型),1.0,2022/4/29,True,17,2022,5.0,2.0
420,DLN5,A46441986,幫浦輸液套(一般型),1.0,2022/4/29,True,17,2022,5.0,2.0
421,DLN5,A46441986,幫浦輸液套(一般型),1.0,2022/4/30,False,17,2022,5.0,2.0
422,DLN5,A46441986,幫浦輸液套(一般型),1.0,2022/4/30,False,17,2022,5.0,2.0
423,DLN5,A46441986,幫浦輸液套(一般型),1.0,2022/5/1,False,17,2022,5.0,2.0
424,DLN5,A46441986,幫浦輸液套(一般型),1.0,2022/5/1,False,17,2022,5.0,2.0
425,DLN5,A46441986,幫浦輸液套(一般型),1.0,2022/5/2,False,18,2022,5.0,2.0
426,DLN5,A46441986,幫浦輸液套(一般型),1.0,2022/5/2,False,18,2022,5.0,2.0
427,DLN5,A46441986,幫浦輸液套(一般型),1.0,2022/5/3,False,18,2022,5.0,2.0
428,DLN5,A46441986,幫浦輸液套(一般型),1.0,2022/5/3,False,18,2022,5.0,2.0
429,DLN5,A46441986,幫浦輸液套(一般型),1.0,2022/5/3,False,18,2022,5.0,2.0
430,DLN5,A46441986,幫浦輸液套(一般型),1.0,2022/5/4,False,18,2022,5.0,2.0
431,DLN5,A46441986,幫浦輸液套(一般型),1.0,2022/5/4,False,18,2022,5.0,2.0
432,DLN5,A46441986,幫浦輸液套(一般型),1.0,2022/5/5,True,18,2022,5.0,2.0
433,DLN5,A46441986,幫浦輸液套(一般型),1.0,2022/5/5,True,18,2022,5.0,2.0
434,DLN5,A46441986,幫浦輸液套(一般型),2.0,2022/5/5,True,18,2022,5.0,2.0
435,DLN5,A46441986,幫浦輸液套(一般型),3.0,2022/5/6,True,18,2022,5.0,2.0
436,DLN5,A46441986,幫浦輸液套(一般型),1.0,2022/5/6,True,18,2022,5.0,2.0
437,DLN5,A46441986,幫浦輸液套(一般型),1.0,2022/5/6,True,18,2022,5.0,2.0
438,DLN5,A46441986,幫浦輸液套(一般型),1.0,2022/5/6,True,18,2022,5.0,2.0
439,DLN5,A46441986,幫浦輸液套(一般型),1.0,2022/5/6,True,18,2022,5.0,2.0
440,DLN5,A46441986,幫浦輸液套(一般型),1.0,2022/5/7,True,18,2022,5.0,2.0
441,DLN5,A46441986,幫浦輸液套(一般型),1.0,2022/5/7,True,18,2022,5.0,2.0
442,DLN5,A46441986,幫浦輸液套(一般型),2.0,2022/5/7,True,18,2022,5.0,2.0
443,DLN5,A46441986,幫浦輸液套(一般型),2.0,2022/5/8,False,18,2022,5.0,2.0
444,DLN5,A46441986,幫浦輸液套(一般型),1.0,2022/5/8,False,18,2022,5.0,2.0
445,DLN5,A46441986,幫浦輸液套(一般型),1.0,2022/5/10,True,19,2022,5.0,2.0
446,DLN5,A46441986,幫浦輸液套(一般型),1.0,2022/5/10,True,19,2022,5.0,2.0
447,DLN5,A46441986,幫浦輸液套(一般型),1.0,2022/5/10,True,19,2022,5.0,2.0
448,DLN5,A46441986,幫浦輸液套(一般型),1.0,2022/5/11,True,19,2022,5.0,2.0
449,DLN5,A46441986,幫浦輸液套(一般型),1.0,2022/5/12,True,19,2022,5.0,2.0
450,DLN5,A46441986,幫浦輸液套(一般型),1.0,2022/5/12,True,19,2022,5.0,2.0
451,DLN5,A46441986,幫浦輸液套(一般型),1.0,2022/5/12,True,19,2022,5.0,2.0
452,DLN5,A46441986,幫浦輸液套(一般型),1.0,2022/5/13,True,19,2022,5.0,2.0
453,DLN5,A46441986,幫浦輸液套(一般型),1.0,2022/5/13,True,19,2022,5.0,2.0
454,DLN5,A46441986,幫浦輸液套(一般型),1.0,2022/5/13,True,19,2022,5.0,2.0
455,DLN5,A46441986,幫浦輸液套(一般型),1.0,2022/5/13,True,19,2022,5.0,2.0
456,DLN5,A46441986,幫浦輸液套(一般型),1.0,2022/5/14,False,19,2022,5.0,2.0
457,DLN5,A46441986,幫浦輸液套(一般型),1.0,2022/5/14,False,19,2022,5.0,2.0
458,DLN5,A46441986,幫浦輸液套(一般型),1.0,2022/5/15,False,19,2022,5.0,2.0
459,DLN5,A46441986,幫浦輸液套(一般型),1.0,2022/5/15,False,19,2022,5.0,2.0
460,DLN5,A46441986,幫浦輸液套(一般型),1.0,2022/5/9,True,19,2022,5.0,2.0
461,DLN5,A46441986,幫浦輸液套(一般型),1.0,2022/5/9,True,19,2022,5.0,2.0
462,DLN5,A46441986,幫浦輸液套(一般型),2.0,2022/5/9,True,19,2022,5.0,2.0
463,DLN5,A46441986,幫浦輸液套(一般型),1.0,2022/5/16,True,20,2022,5.0,2.0
464,DLN5,A46441986,幫浦輸液套(一般型),1.0,2022/5/16,True,20,2022,5.0,2.0
465,DLN5,A46441986,幫浦輸液套(一般型),1.0,2022/5/16,True,20,2022,5.0,2.0
466,DLN5,A46441986,幫浦輸液套(一般型),1.0,2022/5/17,True,20,2022,5.0,2.0
467,DLN5,A46441986,幫浦輸液套(一般型),1.0,2022/5/17,True,20,2022,5.0,2.0
468,DLN5,A46441986,幫浦輸液套(一般型),1.0,2022/5/18,True,20,2022,5.0,2.0
469,DLN5,A46441986,幫浦輸液套(一般型),1.0,2022/5/18,True,20,2022,5.0,2.0
470,DLN5,A46441986,幫浦輸液套(一般型),1.0,2022/5/19,True,20,2022,5.0,2.0
471,DLN5,A46441986,幫浦輸液套(一般型),1.0,2022/5/20,True,20,2022,5.0,2.0
472,DLN5,A46441986,幫浦輸液套(一般型),1.0,2022/5/20,True,20,2022,5.0,2.0
473,DLN5,A46441986,幫浦輸液套(一般型),1.0,2022/5/23,True,21,2022,5.0,2.0
474,DLN5,A46441986,幫浦輸液套(一般型),1.0,2022/5/23,True,21,2022,5.0,2.0
475,DLN5,A46441986,幫浦輸液套(一般型),1.0,2022/5/24,True,21,2022,5.0,2.0
476,DLN5,A46441986,幫浦輸液套(一般型),1.0,2022/5/25,True,21,2022,5.0,2.0
477,DLN5,A46441986,幫浦輸液套(一般型),1.0,2022/5/26,True,21,2022,5.0,2.0
478,DLN5,A46441986,幫浦輸液套(一般型),1.0,2022/5/27,True,21,2022,5.0,2.0
479,DLN5,A46441986,幫浦輸液套(一般型),1.0,2022/5/28,False,21,2022,5.0,2.0
480,DLN5,A46441986,幫浦輸液套(一般型),1.0,2022/5/28,False,21,2022,5.0,2.0
481,DLN5,A46441986,幫浦輸液套(一般型),1.0,2022/5/30,True,22,2022,4.0,3.0
482,DLN5,A46441986,幫浦輸液套(一般型),1.0,2022/5/30,True,22,2022,4.0,3.0
483,DLN5,A46441986,幫浦輸液套(一般型),1.0,2022/5/30,True,22,2022,4.0,3.0
484,DLN5,A46441986,幫浦輸液套(一般型),1.0,2022/5/31,True,22,2022,4.0,3.0
485,DLN5,A46441986,幫浦輸液套(一般型),1.0,2022/6/2,True,22,2022,4.0,3.0
486,DLN5,A46441986,幫浦輸液套(一般型),1.0,2022/6/2,True,22,2022,4.0,3.0
487,DLN5,A46441986,幫浦輸液套(一般型),1.0,2022/6/10,True,23,2022,5.0,2.0
488,DLN5,A46441986,幫浦輸液套(一般型),1.0,2022/6/11,False,23,2022,5.0,2.0
489,DLN5,A46441986,幫浦輸液套(一般型),1.0,2022/6/12,False,23,2022,5.0,2.0
490,DLN5,A46441986,幫浦輸液套(一般型),1.0,2022/6/6,True,23,2022,5.0,2.0
491,DLN5,A46441986,幫浦輸液套(一般型),1.0,2022/6/13,True,24,2022,5.0,2.0
492,DLN5,A46441986,幫浦輸液套(一般型),1.0,2022/6/16,True,24,2022,5.0,2.0
493,DLN5,A46441986,幫浦輸液套(一般型),1.0,2022/6/18,False,24,2022,5.0,2.0
494,DLN5,A46441986,幫浦輸液套(一般型),1.0,2022/6/19,False,24,2022,5.0,2.0
495,DLN5,A46441986,幫浦輸液套(一般型),1.0,2022/6/19,False,24,2022,5.0,2.0
496,DLN5,A46441986,幫浦輸液套(一般型),1.0,2022/6/20,True,25,2022,5.0,2.0
497,DLN5,A46441986,幫浦輸液套(一般型),1.0,2022/6/20,True,25,2022,5.0,2.0
498,DLN5,A46441986,幫浦輸液套(一般型),1.0,2022/6/21,True,25,2022,5.0,2.0
499,DLN5,A46441986,幫浦輸液套(一般型),0.0,2022/6/23,True,25,2022,5.0,2.0
500,DLN5,A46441986,幫浦輸液套(一般型),1.0,2022/6/23,True,25,2022,5.0,2.0
501,DLN5,A46441986,幫浦輸液套(一般型),1.0,2022/6/25,False,25,2022,5.0,2.0
502,DLN5,A46441986,幫浦輸液套(一般型),1.0,2022/7/4,True,27,2022,5.0,2.0
503,DLN5,A46441986,幫浦輸液套(一般型),1.0,2022/7/12,True,28,2022,5.0,2.0
504,DLN5,A46441986,幫浦輸液套(一般型),1.0,2022/7/13,True,28,2022,5.0,2.0
505,DLN5,A46441986,幫浦輸液套(一般型),1.0,2022/7/25,True,30,2022,5.0,2.0
506,DLN5,A46441986,幫浦輸液套(一般型),1.0,2022/7/26,True,30,2022,5.0,2.0
507,DLN5,A46441986,幫浦輸液套(一般型),1.0,2022/7/29,True,30,2022,5.0,2.0
508,DLN5,A46441986,幫浦輸液套(一般型),1.0,2022/7/29,True,30,2022,5.0,2.0
509,DLN5,A46441986,幫浦輸液套(一般型),1.0,2022/8/2,True,31,2022,5.0,2.0
510,DLN5,A46441986,幫浦輸液套(一般型),1.0,2022/8/4,True,31,2022,5.0,2.0
511,DLN5,A46441986,幫浦輸液套(一般型),1.0,2022/8/5,True,31,2022,5.0,2.0
512,DLN5,A46441986,幫浦輸液套(一般型),1.0,2022/8/10,True,32,2022,5.0,2.0
513,DLN5,A46441986,幫浦輸液套(一般型),2.0,2022/8/11,True,32,2022,5.0,2.0
514,DLN5,A46441986,幫浦輸液套(一般型),1.0,2022/8/11,True,32,2022,5.0,2.0
515,DLN5,A46441986,幫浦輸液套(一般型),1.0,2022/8/12,True,32,2022,5.0,2.0
516,DLN5,A46441986,幫浦輸液套(一般型),1.0,2022/8/12,True,32,2022,5.0,2.0
517,DLN5,A46441986,幫浦輸液套(一般型),1.0,2022/8/13,False,32,2022,5.0,2.0
518,DLN5,A46441986,幫浦輸液套(一般型),1.0,2022/8/13,False,32,2022,5.0,2.0
519,DLN5,A46441986,幫浦輸液套(一般型),1.0,2022/8/14,False,32,2022,5.0,2.0
520,DLN5,A46441986,幫浦輸液套(一般型),1.0,2022/8/14,False,32,2022,5.0,2.0
521,DLN5,A46441986,幫浦輸液套(一般型),1.0,2022/8/8,True,32,2022,5.0,2.0
522,DLN5,A46441986,幫浦輸液套(一般型),1.0,2022/8/9,True,32,2022,5.0,2.0
523,DLN5,A46441986,幫浦輸液套(一般型),1.0,2022/8/15,True,33,2022,5.0,2.0
524,DLN5,A46441986,幫浦輸液套(一般型),1.0,2022/8/15,True,33,2022,5.0,2.0
525,DLN5,A46441986,幫浦輸液套(一般型),1.0,2022/8/16,True,33,2022,5.0,2.0
526,DLN5,A46441986,幫浦輸液套(一般型),1.0,2022/8/19,True,33,2022,5.0,2.0
527,DLN5,A46441986,幫浦輸液套(一般型),1.0,2022/8/21,False,33,2022,5.0,2.0
528,DLN5,A46441986,幫浦輸液套(一般型),1.0,2022/8/22,True,34,2022,5.0,2.0
529,DLN5,A46441986,幫浦輸液套(一般型),2.0,2022/8/22,True,34,2022,5.0,2.0
530,DLN5,A46441986,幫浦輸液套(一般型),1.0,2022/8/23,True,34,2022,5.0,2.0
531,DLN5,A46441986,幫浦輸液套(一般型),1.0,2022/8/23,True,34,2022,5.0,2.0
532,DLN5,A46441986,幫浦輸液套(一般型),1.0,2022/8/24,True,34,2022,5.0,2.0
533,DLN5,A46441986,幫浦輸液套(一般型),1.0,2022/8/25,True,34,2022,5.0,2.0
534,DLN5,A46441986,幫浦輸液套(一般型),1.0,2022/8/25,True,34,2022,5.0,2.0
535,DLN5,A46441986,幫浦輸液套(一般型),1.0,2022/8/26,True,34,2022,5.0,2.0
536,DLN5,A46441986,幫浦輸液套(一般型),1.0,2022/8/26,True,34,2022,5.0,2.0
537,DLN5,A46441986,幫浦輸液套(一般型),1.0,2022/8/27,False,34,2022,5.0,2.0
538,DLN5,A46441986,幫浦輸液套(一般型),1.0,2022/8/27,False,34,2022,5.0,2.0
539,DLN5,A46441986,幫浦輸液套(一般型),1.0,2022/8/28,False,34,2022,5.0,2.0
540,DLN5,A46441986,幫浦輸液套(一般型),1.0,2022/8/28,False,34,2022,5.0,2.0
541,DLN5,A46441986,幫浦輸液套(一般型),1.0,2022/8/29,True,35,2022,5.0,2.0
542,DLN5,A46441986,幫浦輸液套(一般型),1.0,2022/8/30,True,35,2022,5.0,2.0
543,DLN5,A46441986,幫浦輸液套(一般型),1.0,2022/8/30,True,35,2022,5.0,2.0
544,DLN5,A46441986,幫浦輸液套(一般型),1.0,2022/8/30,True,35,2022,5.0,2.0
545,DLN5,A46441986,幫浦輸液套(一般型),1.0,2022/9/10,False,36,2022,4.0,3.0
546,DLN5,A46441986,幫浦輸液套(一般型),1.0,2022/9/11,False,36,2022,4.0,3.0
547,DLN5,A46441986,幫浦輸液套(一般型),1.0,2022/9/11,False,36,2022,4.0,3.0
548,DLN5,A46441986,幫浦輸液套(一般型),1.0,2022/9/5,True,36,2022,4.0,3.0
549,DLN5,A46441986,幫浦輸液套(一般型),1.0,2022/9/5,True,36,2022,4.0,3.0
550,DLN5,A46441986,幫浦輸液套(一般型),1.0,2022/9/6,True,36,2022,4.0,3.0
551,DLN5,A46441986,幫浦輸液套(一般型),1.0,2022/9/6,True,36,2022,4.0,3.0
552,DLN5,A46441986,幫浦輸液套(一般型),1.0,2022/9/7,True,36,2022,4.0,3.0
553,DLN5,A46441986,幫浦輸液套(一般型),1.0,2022/9/8,True,36,2022,4.0,3.0
554,DLN5,A46441986,幫浦輸液套(一般型),1.0,2022/9/8,True,36,2022,4.0,3.0
555,DLN5,A46441986,幫浦輸液套(一般型),1.0,2022/9/9,True,36,2022,4.0,3.0
556,DLN5,A46441986,幫浦輸液套(一般型),1.0,2022/9/12,False,37,2022,5.0,2.0
557,DLN5,A46441986,幫浦輸液套(一般型),1.0,2022/9/12,False,37,2022,5.0,2.0
558,DLN5,A46441986,幫浦輸液套(一般型),1.0,2022/9/13,True,37,2022,5.0,2.0
559,DLN5,A46441986,幫浦輸液套(一般型),1.0,2022/9/13,True,37,2022,5.0,2.0
560,DLN5,A46441986,幫浦輸液套(一般型),1.0,2022/9/14,True,37,2022,5.0,2.0
561,DLN5,A46441986,幫浦輸液套(一般型),1.0,2022/9/14,True,37,2022,5.0,2.0
562,DLN5,A46441986,幫浦輸液套(一般型),1.0,2022/9/15,True,37,2022,5.0,2.0
563,DLN5,A46441986,幫浦輸液套(一般型),1.0,2022/9/16,True,37,2022,5.0,2.0
564,DLN5,A46441986,幫浦輸液套(一般型),1.0,2022/9/16,True,37,2022,5.0,2.0
565,DLN5,A46441986,幫浦輸液套(一般型),1.0,2022/9/17,False,37,2022,5.0,2.0
566,DLN5,A46441986,幫浦輸液套(一般型),1.0,2022/9/18,False,37,2022,5.0,2.0
567,DLN5,A46441986,幫浦輸液套(一般型),1.0,2022/9/19,True,38,2022,5.0,2.0
568,DLN5,A46441986,幫浦輸液套(一般型),1.0,2022/9/20,True,38,2022,5.0,2.0
569,DLN5,A46441986,幫浦輸液套(一般型),1.0,2022/9/21,True,38,2022,5.0,2.0
570,DLN5,A46441986,幫浦輸液套(一般型),1.0,2022/9/21,True,38,2022,5.0,2.0
571,DLN5,A46441986,幫浦輸液套(一般型),1.0,2022/9/22,True,38,2022,5.0,2.0
572,DLN5,A46441986,幫浦輸液套(一般型),1.0,2022/9/23,True,38,2022,5.0,2.0
573,DLN5,A46441986,幫浦輸液套(一般型),1.0,2022/9/23,True,38,2022,5.0,2.0
574,DLN5,A46441986,幫浦輸液套(一般型),1.0,2022/9/27,True,39,2022,5.0,2.0
575,DLN5,A46441986,幫浦輸液套(一般型),1.0,2022/9/30,True,39,2022,5.0,2.0
576,DLN5,A46441986,幫浦輸液套(一般型),1.0,2022/10/4,False,40,2022,5.0,2.0
577,DLN5,A46441986,幫浦輸液套(一般型),1.0,2022/10/4,False,40,2022,5.0,2.0
578,DLN5,A46441986,幫浦輸液套(一般型),1.0,2022/10/5,False,40,2022,5.0,2.0
579,DLN5,A46441986,幫浦輸液套(一般型),1.0,2022/10/6,False,40,2022,5.0,2.0
580,DLN5,A46441986,幫浦輸液套(一般型),1.0,2022/10/7,False,40,2022,5.0,2.0
581,DLN5,A46441986,幫浦輸液套(一般型),1.0,2022/10/7,False,40,2022,5.0,2.0
582,DLN5,A46441986,幫浦輸液套(一般型),1.0,2022/10/8,True,40,2022,5.0,2.0
583,DLN5,A46441986,幫浦輸液套(一般型),1.0,2022/10/9,True,40,2022,5.0,2.0
584,DLN5,A46441986,幫浦輸液套(一般型),1.0,2022/10/10,True,41,2022,4.0,3.0
585,DLN5,A46441986,幫浦輸液套(一般型),1.0,2022/10/11,True,41,2022,4.0,3.0
586,DLN5,A46441986,幫浦輸液套(一般型),1.0,2022/10/12,True,41,2022,4.0,3.0
587,DLN5,A46441986,幫浦輸液套(一般型),1.0,2022/10/12,True,41,2022,4.0,3.0
588,DLN5,A46441986,幫浦輸液套(一般型),1.0,2022/10/13,True,41,2022,4.0,3.0
589,DLN5,A46441986,幫浦輸液套(一般型),1.0,2022/10/13,True,41,2022,4.0,3.0
590,DLN5,A46441986,幫浦輸液套(一般型),1.0,2022/10/14,True,41,2022,4.0,3.0
591,DLN5,A46441986,幫浦輸液套(一般型),1.0,2022/10/15,False,41,2022,4.0,3.0
592,DLN5,A46441986,幫浦輸液套(一般型),1.0,2022/10/16,False,41,2022,4.0,3.0
593,DLN5,A46441986,幫浦輸液套(一般型),1.0,2022/10/17,True,42,2022,5.0,2.0
594,DLN5,A46441986,幫浦輸液套(一般型),1.0,2022/10/17,True,42,2022,5.0,2.0
595,DLN5,A46441986,幫浦輸液套(一般型),1.0,2022/10/18,True,42,2022,5.0,2.0
596,DLN5,A46441986,幫浦輸液套(一般型),1.0,2022/10/19,True,42,2022,5.0,2.0
597,DLN5,A46441986,幫浦輸液套(一般型),1.0,2022/10/19,True,42,2022,5.0,2.0
598,DLN5,A46441986,幫浦輸液套(一般型),1.0,2022/10/20,True,42,2022,5.0,2.0
599,DLN5,A46441986,幫浦輸液套(一般型),1.0,2022/10/21,True,42,2022,5.0,2.0
600,DLN5,A46441986,幫浦輸液套(一般型),1.0,2022/10/21,True,42,2022,5.0,2.0
601,DLN5,A46441986,幫浦輸液套(一般型),1.0,2022/10/22,False,42,2022,5.0,2.0
602,DLN5,A46441986,幫浦輸液套(一般型),1.0,2022/10/22,False,42,2022,5.0,2.0
603,DLN5,A46441986,幫浦輸液套(一般型),1.0,2022/10/23,False,42,2022,5.0,2.0
604,DLN5,A46441986,幫浦輸液套(一般型),1.0,2022/10/23,False,42,2022,5.0,2.0
605,DLN5,A46441986,幫浦輸液套(一般型),1.0,2022/10/24,True,43,2022,5.0,2.0
606,DLN5,A46441986,幫浦輸液套(一般型),1.0,2022/10/24,True,43,2022,5.0,2.0
607,DLN5,A46441986,幫浦輸液套(一般型),1.0,2022/10/25,True,43,2022,5.0,2.0
608,DLN5,A46441986,幫浦輸液套(一般型),1.0,2022/10/25,True,43,2022,5.0,2.0
609,DLN5,A46441986,幫浦輸液套(一般型),1.0,2022/10/25,True,43,2022,5.0,2.0
610,DLN5,A46441986,幫浦輸液套(一般型),1.0,2022/10/26,True,43,2022,5.0,2.0
611,DLN5,A46441986,幫浦輸液套(一般型),1.0,2022/10/26,True,43,2022,5.0,2.0
612,DLN5,A46441986,幫浦輸液套(一般型),1.0,2022/10/27,True,43,2022,5.0,2.0
613,DLN5,A46441986,幫浦輸液套(一般型),1.0,2022/10/27,True,43,2022,5.0,2.0
614,DLN5,A46441986,幫浦輸液套(一般型),1.0,2022/10/28,True,43,2022,5.0,2.0
615,DLN5,A46441986,幫浦輸液套(一般型),1.0,2022/10/28,True,43,2022,5.0,2.0
616,DLN5,A46441986,幫浦輸液套(一般型),1.0,2022/10/28,True,43,2022,5.0,2.0
617,DLN5,A46441986,幫浦輸液套(一般型),1.0,2022/10/29,False,43,2022,5.0,2.0
618,DLN5,A46441986,幫浦輸液套(一般型),1.0,2022/10/30,False,43,2022,5.0,2.0
619,DLN5,A46441986,幫浦輸液套(一般型),1.0,2022/10/30,False,43,2022,5.0,2.0
620,DLN5,A46441986,幫浦輸液套(一般型),1.0,2022/10/31,True,44,2022,5.0,2.0
621,DLN5,A46441986,幫浦輸液套(一般型),1.0,2022/10/31,True,44,2022,5.0,2.0
622,DLN5,A46441986,幫浦輸液套(一般型),1.0,2022/10/31,True,44,2022,5.0,2.0
623,DLN5,A46441986,幫浦輸液套(一般型),1.0,2022/10/31,True,44,2022,5.0,2.0
624,DLN5,A46441986,幫浦輸液套(一般型),1.0,2022/11/1,True,44,2022,5.0,2.0
625,DLN5,A46441986,幫浦輸液套(一般型),1.0,2022/11/1,True,44,2022,5.0,2.0
626,DLN5,A46441986,幫浦輸液套(一般型),1.0,2022/11/1,True,44,2022,5.0,2.0
627,DLN5,A46441986,幫浦輸液套(一般型),1.0,2022/11/2,True,44,2022,5.0,2.0
628,DLN5,A46441986,幫浦輸液套(一般型),1.0,2022/11/2,True,44,2022,5.0,2.0
629,DLN5,A46441986,幫浦輸液套(一般型),1.0,2022/11/2,True,44,2022,5.0,2.0
630,DLN5,A46441986,幫浦輸液套(一般型),1.0,2022/11/3,True,44,2022,5.0,2.0
631,DLN5,A46441986,幫浦輸液套(一般型),1.0,2022/11/4,True,44,2022,5.0,2.0
632,DLN5,A46441986,幫浦輸液套(一般型),1.0,2022/11/5,False,44,2022,5.0,2.0
633,DLN5,A46441986,幫浦輸液套(一般型),1.0,2022/11/5,False,44,2022,5.0,2.0
634,DLN5,A46441986,幫浦輸液套(一般型),1.0,2022/11/6,False,44,2022,5.0,2.0
635,DLN5,A46441986,幫浦輸液套(一般型),1.0,2022/11/10,True,45,2022,5.0,2.0
636,DLN5,A46441986,幫浦輸液套(一般型),1.0,2022/11/10,True,45,2022,5.0,2.0
637,DLN5,A46441986,幫浦輸液套(一般型),1.0,2022/11/11,True,45,2022,5.0,2.0
638,DLN5,A46441986,幫浦輸液套(一般型),1.0,2022/11/7,True,45,2022,5.0,2.0
639,DLN5,A46441986,幫浦輸液套(一般型),1.0,2022/11/8,True,45,2022,5.0,2.0
640,DLN5,A46441986,幫浦輸液套(一般型),1.0,2022/11/14,True,46,2022,5.0,2.0
641,DLN5,A46441986,幫浦輸液套(一般型),1.0,2022/11/15,True,46,2022,5.0,2.0
642,DLN5,A46441986,幫浦輸液套(一般型),1.0,2022/11/16,True,46,2022,5.0,2.0
643,DLN5,A46441986,幫浦輸液套(一般型),1.0,2022/11/18,True,46,2022,5.0,2.0
644,DLN5,A46441986,幫浦輸液套(一般型),1.0,2022/11/19,False,46,2022,5.0,2.0
645,DLN5,A46441986,幫浦輸液套(一般型),1.0,2022/11/20,False,46,2022,5.0,2.0
646,DLN5,A46441986,幫浦輸液套(一般型),1.0,2022/11/21,True,47,2022,5.0,2.0
647,DLN5,A46441986,幫浦輸液套(一般型),1.0,2022/11/22,True,47,2022,5.0,2.0
648,DLN5,A46441986,幫浦輸液套(一般型),1.0,2022/11/22,True,47,2022,5.0,2.0
649,DLN5,A46441986,幫浦輸液套(一般型),1.0,2022/11/23,True,47,2022,5.0,2.0
650,DLN5,A46441986,幫浦輸液套(一般型),1.0,2022/11/23,True,47,2022,5.0,2.0
651,DLN5,A46441986,幫浦輸液套(一般型),1.0,2022/11/24,True,47,2022,5.0,2.0
652,DLN5,A46441986,幫浦輸液套(一般型),1.0,2022/11/24,True,47,2022,5.0,2.0
653,DLN5,A46441986,幫浦輸液套(一般型),1.0,2022/11/25,True,47,2022,5.0,2.0
654,DLN5,A46441986,幫浦輸液套(一般型),1.0,2022/11/28,True,48,2022,5.0,2.0
655,DLN5,A46441986,幫浦輸液套(一般型),1.0,2022/11/29,True,48,2022,5.0,2.0
656,DLN5,A46441986,幫浦輸液套(一般型),1.0,2022/11/30,True,48,2022,5.0,2.0
657,DLN5,A46441986,幫浦輸液套(一般型),1.0,2022/11/30,True,48,2022,5.0,2.0
658,DLN5,A46441986,幫浦輸液套(一般型),1.0,2022/11/30,True,48,2022,5.0,2.0
659,DLN5,A46441986,幫浦輸液套(一般型),1.0,2022/12/1,True,48,2022,5.0,2.0
660,DLN5,A46441986,幫浦輸液套(一般型),1.0,2022/12/2,True,48,2022,5.0,2.0
661,DLN5,A46441986,幫浦輸液套(一般型),1.0,2022/12/2,True,48,2022,5.0,2.0
662,DLN5,A46441986,幫浦輸液套(一般型),1.0,2022/12/6,True,49,2022,5.0,2.0
663,DLN5,A46441986,幫浦輸液套(一般型),1.0,2022/12/12,True,50,2022,5.0,2.0
664,DLN5,A46441986,幫浦輸液套(一般型),1.0,2022/12/14,True,50,2022,5.0,2.0
665,DLN5,A46441986,幫浦輸液套(一般型),1.0,2022/12/15,True,50,2022,5.0,2.0
666,DLN5,A46441986,幫浦輸液套(一般型),1.0,2022/12/22,True,51,2022,5.0,2.0
667,DLN5,A46441986,幫浦輸液套(一般型),1.0,2022/12/23,True,51,2022,5.0,2.0
668,DLN5,A46441986,幫浦輸液套(一般型),1.0,2022/12/26,True,52,2022,5.0,3.0
669,DLN5,A46441986,幫浦輸液套(一般型),1.0,2022/12/26,True,52,2022,5.0,3.0
670,DLN5,A46441986,幫浦輸液套(一般型),1.0,2022/12/27,True,52,2022,5.0,3.0
671,DLN5,A46441986,幫浦輸液套(一般型),1.0,2022/12/27,True,52,2022,5.0,3.0
672,DLN5,A46441986,幫浦輸液套(一般型),1.0,2022/12/27,True,52,2022,5.0,3.0
673,DLN5,A46441986,幫浦輸液套(一般型),1.0,2022/12/28,True,52,2022,5.0,3.0
674,DLN5,A46441986,幫浦輸液套(一般型),1.0,2022/12/28,True,52,2022,5.0,3.0
675,DLN5,A46441986,幫浦輸液套(一般型),1.0,2022/12/29,True,52,2022,5.0,3.0
676,DLN5,A46441986,幫浦輸液套(一般型),1.0,2022/12/29,True,52,2022,5.0,3.0
677,DLN5,A46441986,幫浦輸液套(一般型),1.0,2022/12/30,True,52,2022,5.0,3.0
678,DLN5,A46441986,幫浦輸液套(一般型),1.0,2022/12/30,True,52,2022,5.0,3.0
679,DLN5,A46441986,幫浦輸液套(一般型),1.0,2022/12/31,False,52,2022,5.0,3.0
