日期,降水量(mm),週,年,下雨天數,沒下雨天數,總下雨量
2019/1/1,0.0,1,2019,1.0,5.0,0.5
2019/1/2,0.0,1,2019,1.0,5.0,0.5
2019/1/3,0.5,1,2019,1.0,5.0,0.5
2019/1/4,0.0,1,2019,1.0,5.0,0.5
2019/1/5,0.0,1,2019,1.0,5.0,0.5
2019/1/6,0.0,1,2019,1.0,5.0,0.5
2019/1/7,0.0,2,2019,0.0,7.0,0.0
2019/1/8,0.0,2,2019,0.0,7.0,0.0
2019/1/9,0.0,2,2019,0.0,7.0,0.0
2019/1/10,0.0,2,2019,0.0,7.0,0.0
2019/1/11,0.0,2,2019,0.0,7.0,0.0
2019/1/12,0.0,2,2019,0.0,7.0,0.0
2019/1/13,0.0,2,2019,0.0,7.0,0.0
2019/1/14,0.0,3,2019,2.0,5.0,5.0
2019/1/15,0.0,3,2019,2.0,5.0,5.0
2019/1/16,3.5,3,2019,2.0,5.0,5.0
2019/1/17,1.5,3,2019,2.0,5.0,5.0
2019/1/18,0.0,3,2019,2.0,5.0,5.0
2019/1/19,0.0,3,2019,2.0,5.0,5.0
2019/1/20,0.0,3,2019,2.0,5.0,5.0
2019/1/21,0.5,4,2019,1.0,6.0,0.5
2019/1/22,0.0,4,2019,1.0,6.0,0.5
2019/1/23,0.0,4,2019,1.0,6.0,0.5
2019/1/24,0.0,4,2019,1.0,6.0,0.5
2019/1/25,0.0,4,2019,1.0,6.0,0.5
2019/1/26,0.0,4,2019,1.0,6.0,0.5
2019/1/27,0.0,4,2019,1.0,6.0,0.5
2019/1/28,0.0,5,2019,0.0,7.0,0.0
2019/1/29,0.0,5,2019,0.0,7.0,0.0
2019/1/30,0.0,5,2019,0.0,7.0,0.0
2019/1/31,0.0,5,2019,0.0,7.0,0.0
2019/2/1,0.0,5,2019,0.0,7.0,0.0
2019/2/2,0.0,5,2019,0.0,7.0,0.0
2019/2/3,0.0,5,2019,0.0,7.0,0.0
2019/2/4,0.0,6,2019,0.0,7.0,0.0
2019/2/5,0.0,6,2019,0.0,7.0,0.0
2019/2/6,0.0,6,2019,0.0,7.0,0.0
2019/2/7,0.0,6,2019,0.0,7.0,0.0
2019/2/8,0.0,6,2019,0.0,7.0,0.0
2019/2/9,0.0,6,2019,0.0,7.0,0.0
2019/2/10,0.0,6,2019,0.0,7.0,0.0
2019/2/11,0.0,7,2019,0.0,7.0,0.0
2019/2/12,0.0,7,2019,0.0,7.0,0.0
2019/2/13,0.0,7,2019,0.0,7.0,0.0
2019/2/14,0.0,7,2019,0.0,7.0,0.0
2019/2/15,0.0,7,2019,0.0,7.0,0.0
2019/2/16,0.0,7,2019,0.0,7.0,0.0
2019/2/17,0.0,7,2019,0.0,7.0,0.0
2019/2/18,0.0,8,2019,2.0,5.0,7.0
2019/2/19,1.5,8,2019,2.0,5.0,7.0
2019/2/20,0.0,8,2019,2.0,5.0,7.0
2019/2/21,0.0,8,2019,2.0,5.0,7.0
2019/2/22,0.0,8,2019,2.0,5.0,7.0
2019/2/23,0.0,8,2019,2.0,5.0,7.0
2019/2/24,5.5,8,2019,2.0,5.0,7.0
2019/2/25,0.0,9,2019,1.0,6.0,10.5
2019/2/26,0.0,9,2019,1.0,6.0,10.5
2019/2/27,0.0,9,2019,1.0,6.0,10.5
2019/2/28,0.0,9,2019,1.0,6.0,10.5
2019/3/1,0.0,9,2019,1.0,6.0,10.5
2019/3/2,0.0,9,2019,1.0,6.0,10.5
2019/3/3,10.5,9,2019,1.0,6.0,10.5
2019/3/4,0.0,10,2019,6.0,1.0,109.5
2019/3/5,5.0,10,2019,6.0,1.0,109.5
2019/3/6,5.5,10,2019,6.0,1.0,109.5
2019/3/7,42.0,10,2019,6.0,1.0,109.5
2019/3/8,19.5,10,2019,6.0,1.0,109.5
2019/3/9,10.5,10,2019,6.0,1.0,109.5
2019/3/10,27.0,10,2019,6.0,1.0,109.5
2019/3/11,0.0,11,2019,0.0,7.0,0.0
2019/3/12,0.0,11,2019,0.0,7.0,0.0
2019/3/13,0.0,11,2019,0.0,7.0,0.0
2019/3/14,0.0,11,2019,0.0,7.0,0.0
2019/3/15,0.0,11,2019,0.0,7.0,0.0
2019/3/16,0.0,11,2019,0.0,7.0,0.0
2019/3/17,0.0,11,2019,0.0,7.0,0.0
2019/3/18,0.0,12,2019,2.0,5.0,15.5
2019/3/19,0.0,12,2019,2.0,5.0,15.5
2019/3/20,0.0,12,2019,2.0,5.0,15.5
2019/3/21,0.0,12,2019,2.0,5.0,15.5
2019/3/22,0.0,12,2019,2.0,5.0,15.5
2019/3/23,2.0,12,2019,2.0,5.0,15.5
2019/3/24,13.5,12,2019,2.0,5.0,15.5
2019/3/25,0.0,13,2019,2.0,5.0,1.5
2019/3/26,0.0,13,2019,2.0,5.0,1.5
2019/3/27,0.0,13,2019,2.0,5.0,1.5
2019/3/28,0.0,13,2019,2.0,5.0,1.5
2019/3/29,0.5,13,2019,2.0,5.0,1.5
2019/3/30,1.0,13,2019,2.0,5.0,1.5
2019/3/31,0.0,13,2019,2.0,5.0,1.5
2019/4/1,0.5,14,2019,1.0,6.0,0.5
2019/4/2,0.0,14,2019,1.0,6.0,0.5
2019/4/3,0.0,14,2019,1.0,6.0,0.5
2019/4/4,0.0,14,2019,1.0,6.0,0.5
2019/4/5,0.0,14,2019,1.0,6.0,0.5
2019/4/6,0.0,14,2019,1.0,6.0,0.5
2019/4/7,0.0,14,2019,1.0,6.0,0.5
2019/4/8,0.0,15,2019,0.0,7.0,0.0
2019/4/9,0.0,15,2019,0.0,7.0,0.0
2019/4/10,0.0,15,2019,0.0,7.0,0.0
2019/4/11,0.0,15,2019,0.0,7.0,0.0
2019/4/12,0.0,15,2019,0.0,7.0,0.0
2019/4/13,0.0,15,2019,0.0,7.0,0.0
2019/4/14,0.0,15,2019,0.0,7.0,0.0
2019/4/15,3.0,16,2019,5.0,2.0,51.0
2019/4/16,2.5,16,2019,5.0,2.0,51.0
2019/4/17,0.0,16,2019,5.0,2.0,51.0
2019/4/18,0.0,16,2019,5.0,2.0,51.0
2019/4/19,42.5,16,2019,5.0,2.0,51.0
2019/4/20,1.0,16,2019,5.0,2.0,51.0
2019/4/21,2.0,16,2019,5.0,2.0,51.0
2019/4/22,0.0,17,2019,1.0,6.0,1.5
2019/4/23,0.0,17,2019,1.0,6.0,1.5
2019/4/24,0.0,17,2019,1.0,6.0,1.5
2019/4/25,0.0,17,2019,1.0,6.0,1.5
2019/4/26,1.5,17,2019,1.0,6.0,1.5
2019/4/27,0.0,17,2019,1.0,6.0,1.5
2019/4/28,0.0,17,2019,1.0,6.0,1.5
2019/4/29,0.0,18,2019,4.0,3.0,81.0
2019/4/30,0.0,18,2019,4.0,3.0,81.0
2019/5/1,64.5,18,2019,4.0,3.0,81.0
2019/5/2,4.0,18,2019,4.0,3.0,81.0
2019/5/3,10.5,18,2019,4.0,3.0,81.0
2019/5/4,0.0,18,2019,4.0,3.0,81.0
2019/5/5,2.0,18,2019,4.0,3.0,81.0
2019/5/6,20.0,19,2019,5.0,2.0,36.5
2019/5/7,6.5,19,2019,5.0,2.0,36.5
2019/5/8,0.5,19,2019,5.0,2.0,36.5
2019/5/9,7.0,19,2019,5.0,2.0,36.5
2019/5/10,2.5,19,2019,5.0,2.0,36.5
2019/5/11,0.0,19,2019,5.0,2.0,36.5
2019/5/12,0.0,19,2019,5.0,2.0,36.5
2019/5/13,0.0,20,2019,5.0,2.0,31.0
2019/5/14,0.0,20,2019,5.0,2.0,31.0
2019/5/15,1.0,20,2019,5.0,2.0,31.0
2019/5/16,0.5,20,2019,5.0,2.0,31.0
2019/5/17,3.5,20,2019,5.0,2.0,31.0
2019/5/18,25.0,20,2019,5.0,2.0,31.0
2019/5/19,1.0,20,2019,5.0,2.0,31.0
2019/5/20,37.5,21,2019,3.0,4.0,41.0
2019/5/21,0.0,21,2019,3.0,4.0,41.0
2019/5/22,1.0,21,2019,3.0,4.0,41.0
2019/5/23,2.5,21,2019,3.0,4.0,41.0
2019/5/24,0.0,21,2019,3.0,4.0,41.0
2019/5/25,0.0,21,2019,3.0,4.0,41.0
2019/5/26,0.0,21,2019,3.0,4.0,41.0
2019/5/27,0.5,22,2019,4.0,3.0,17.0
2019/5/28,5.0,22,2019,4.0,3.0,17.0
2019/5/29,0.0,22,2019,4.0,3.0,17.0
2019/5/30,0.0,22,2019,4.0,3.0,17.0
2019/5/31,0.0,22,2019,4.0,3.0,17.0
2019/6/1,1.5,22,2019,4.0,3.0,17.0
2019/6/2,10.0,22,2019,4.0,3.0,17.0
2019/6/3,0.0,23,2019,2.0,5.0,37.5
2019/6/4,36.5,23,2019,2.0,5.0,37.5
2019/6/5,0.0,23,2019,2.0,5.0,37.5
2019/6/6,1.0,23,2019,2.0,5.0,37.5
2019/6/7,0.0,23,2019,2.0,5.0,37.5
2019/6/8,0.0,23,2019,2.0,5.0,37.5
2019/6/9,0.0,23,2019,2.0,5.0,37.5
2019/6/10,20.5,24,2019,6.0,1.0,277.0
2019/6/11,78.5,24,2019,6.0,1.0,277.0
2019/6/12,121.5,24,2019,6.0,1.0,277.0
2019/6/13,6.5,24,2019,6.0,1.0,277.0
2019/6/14,46.5,24,2019,6.0,1.0,277.0
2019/6/15,0.0,24,2019,6.0,1.0,277.0
2019/6/16,3.5,24,2019,6.0,1.0,277.0
2019/6/17,2.0,25,2019,3.0,4.0,25.5
2019/6/18,0.5,25,2019,3.0,4.0,25.5
2019/6/19,0.0,25,2019,3.0,4.0,25.5
2019/6/20,0.0,25,2019,3.0,4.0,25.5
2019/6/21,0.0,25,2019,3.0,4.0,25.5
2019/6/22,0.0,25,2019,3.0,4.0,25.5
2019/6/23,23.0,25,2019,3.0,4.0,25.5
2019/6/24,10.0,26,2019,4.0,3.0,62.0
2019/6/25,0.5,26,2019,4.0,3.0,62.0
2019/6/26,1.5,26,2019,4.0,3.0,62.0
2019/6/27,0.0,26,2019,4.0,3.0,62.0
2019/6/28,0.0,26,2019,4.0,3.0,62.0
2019/6/29,0.0,26,2019,4.0,3.0,62.0
2019/6/30,50.0,26,2019,4.0,3.0,62.0
2019/7/1,0.0,27,2019,6.0,1.0,23.5
2019/7/2,2.0,27,2019,6.0,1.0,23.5
2019/7/3,11.5,27,2019,6.0,1.0,23.5
2019/7/4,3.0,27,2019,6.0,1.0,23.5
2019/7/5,5.0,27,2019,6.0,1.0,23.5
2019/7/6,1.5,27,2019,6.0,1.0,23.5
2019/7/7,0.5,27,2019,6.0,1.0,23.5
2019/7/8,0.0,28,2019,4.0,3.0,34.0
2019/7/9,4.5,28,2019,4.0,3.0,34.0
2019/7/10,27.0,28,2019,4.0,3.0,34.0
2019/7/11,1.5,28,2019,4.0,3.0,34.0
2019/7/12,1.0,28,2019,4.0,3.0,34.0
2019/7/13,0.0,28,2019,4.0,3.0,34.0
2019/7/14,0.0,28,2019,4.0,3.0,34.0
2019/7/15,0.0,29,2019,3.0,4.0,54.5
2019/7/16,0.0,29,2019,3.0,4.0,54.5
2019/7/17,0.0,29,2019,3.0,4.0,54.5
2019/7/18,6.0,29,2019,3.0,4.0,54.5
2019/7/19,22.5,29,2019,3.0,4.0,54.5
2019/7/20,26.0,29,2019,3.0,4.0,54.5
2019/7/21,0.0,29,2019,3.0,4.0,54.5
2019/7/22,0.5,30,2019,4.0,3.0,25.0
2019/7/23,0.0,30,2019,4.0,3.0,25.0
2019/7/24,1.0,30,2019,4.0,3.0,25.0
2019/7/25,0.0,30,2019,4.0,3.0,25.0
2019/7/26,0.0,30,2019,4.0,3.0,25.0
2019/7/27,4.5,30,2019,4.0,3.0,25.0
2019/7/28,19.0,30,2019,4.0,3.0,25.0
2019/7/29,0.0,31,2019,4.0,3.0,53.0
2019/7/30,0.0,31,2019,4.0,3.0,53.0
2019/7/31,30.0,31,2019,4.0,3.0,53.0
2019/8/1,16.5,31,2019,4.0,3.0,53.0
2019/8/2,5.5,31,2019,4.0,3.0,53.0
2019/8/3,1.0,31,2019,4.0,3.0,53.0
2019/8/4,0.0,31,2019,4.0,3.0,53.0
2019/8/5,0.0,32,2019,4.0,3.0,23.5
2019/8/6,0.0,32,2019,4.0,3.0,23.5
2019/8/7,3.0,32,2019,4.0,3.0,23.5
2019/8/8,0.5,32,2019,4.0,3.0,23.5
2019/8/9,12.0,32,2019,4.0,3.0,23.5
2019/8/10,0.0,32,2019,4.0,3.0,23.5
2019/8/11,8.0,32,2019,4.0,3.0,23.5
2019/8/12,40.0,33,2019,6.0,1.0,563.0
2019/8/13,163.5,33,2019,6.0,1.0,563.0
2019/8/14,0.0,33,2019,6.0,1.0,563.0
2019/8/15,179.5,33,2019,6.0,1.0,563.0
2019/8/16,69.5,33,2019,6.0,1.0,563.0
2019/8/17,56.5,33,2019,6.0,1.0,563.0
2019/8/18,54.0,33,2019,6.0,1.0,563.0
2019/8/19,0.5,34,2019,4.0,3.0,17.0
2019/8/20,0.0,34,2019,4.0,3.0,17.0
2019/8/21,0.5,34,2019,4.0,3.0,17.0
2019/8/22,4.5,34,2019,4.0,3.0,17.0
2019/8/23,0.0,34,2019,4.0,3.0,17.0
2019/8/24,0.0,34,2019,4.0,3.0,17.0
2019/8/25,11.5,34,2019,4.0,3.0,17.0
2019/8/26,4.0,35,2019,5.0,2.0,61.0
2019/8/27,0.0,35,2019,5.0,2.0,61.0
2019/8/28,0.0,35,2019,5.0,2.0,61.0
2019/8/29,0.5,35,2019,5.0,2.0,61.0
2019/8/30,21.5,35,2019,5.0,2.0,61.0
2019/8/31,8.5,35,2019,5.0,2.0,61.0
2019/9/1,26.5,35,2019,5.0,2.0,61.0
2019/9/2,0.5,36,2019,6.0,1.0,176.5
2019/9/3,8.0,36,2019,6.0,1.0,176.5
2019/9/4,64.5,36,2019,6.0,1.0,176.5
2019/9/5,0.0,36,2019,6.0,1.0,176.5
2019/9/6,26.5,36,2019,6.0,1.0,176.5
2019/9/7,2.0,36,2019,6.0,1.0,176.5
2019/9/8,75.0,36,2019,6.0,1.0,176.5
2019/9/9,0.0,37,2019,0.0,7.0,0.0
2019/9/10,0.0,37,2019,0.0,7.0,0.0
2019/9/11,0.0,37,2019,0.0,7.0,0.0
2019/9/12,0.0,37,2019,0.0,7.0,0.0
2019/9/13,0.0,37,2019,0.0,7.0,0.0
2019/9/14,0.0,37,2019,0.0,7.0,0.0
2019/9/15,0.0,37,2019,0.0,7.0,0.0
2019/9/16,0.0,38,2019,0.0,7.0,0.0
2019/9/17,0.0,38,2019,0.0,7.0,0.0
2019/9/18,0.0,38,2019,0.0,7.0,0.0
2019/9/19,0.0,38,2019,0.0,7.0,0.0
2019/9/20,0.0,38,2019,0.0,7.0,0.0
2019/9/21,0.0,38,2019,0.0,7.0,0.0
2019/9/22,0.0,38,2019,0.0,7.0,0.0
2019/9/23,0.0,39,2019,0.0,7.0,0.0
2019/9/24,0.0,39,2019,0.0,7.0,0.0
2019/9/25,0.0,39,2019,0.0,7.0,0.0
2019/9/26,0.0,39,2019,0.0,7.0,0.0
2019/9/27,0.0,39,2019,0.0,7.0,0.0
2019/9/28,0.0,39,2019,0.0,7.0,0.0
2019/9/29,0.0,39,2019,0.0,7.0,0.0
2019/9/30,0.0,40,2019,1.0,6.0,8.0
2019/10/1,8.0,40,2019,1.0,6.0,8.0
2019/10/2,0.0,40,2019,1.0,6.0,8.0
2019/10/3,0.0,40,2019,1.0,6.0,8.0
2019/10/4,0.0,40,2019,1.0,6.0,8.0
2019/10/5,0.0,40,2019,1.0,6.0,8.0
2019/10/6,0.0,40,2019,1.0,6.0,8.0
2019/10/7,0.0,41,2019,0.0,7.0,0.0
2019/10/8,0.0,41,2019,0.0,7.0,0.0
2019/10/9,0.0,41,2019,0.0,7.0,0.0
2019/10/10,0.0,41,2019,0.0,7.0,0.0
2019/10/11,0.0,41,2019,0.0,7.0,0.0
2019/10/12,0.0,41,2019,0.0,7.0,0.0
2019/10/13,0.0,41,2019,0.0,7.0,0.0
2019/10/14,0.0,42,2019,0.0,7.0,0.0
2019/10/15,0.0,42,2019,0.0,7.0,0.0
2019/10/16,0.0,42,2019,0.0,7.0,0.0
2019/10/17,0.0,42,2019,0.0,7.0,0.0
2019/10/18,0.0,42,2019,0.0,7.0,0.0
2019/10/19,0.0,42,2019,0.0,7.0,0.0
2019/10/20,0.0,42,2019,0.0,7.0,0.0
2019/10/21,0.0,43,2019,0.0,7.0,0.0
2019/10/22,0.0,43,2019,0.0,7.0,0.0
2019/10/23,0.0,43,2019,0.0,7.0,0.0
2019/10/24,0.0,43,2019,0.0,7.0,0.0
2019/10/25,0.0,43,2019,0.0,7.0,0.0
2019/10/26,0.0,43,2019,0.0,7.0,0.0
2019/10/27,0.0,43,2019,0.0,7.0,0.0
2019/10/28,0.0,44,2019,0.0,7.0,0.0
2019/10/29,0.0,44,2019,0.0,7.0,0.0
2019/10/30,0.0,44,2019,0.0,7.0,0.0
2019/10/31,0.0,44,2019,0.0,7.0,0.0
2019/11/1,0.0,44,2019,0.0,7.0,0.0
2019/11/2,0.0,44,2019,0.0,7.0,0.0
2019/11/3,0.0,44,2019,0.0,7.0,0.0
2019/11/4,0.0,45,2019,0.0,7.0,0.0
2019/11/5,0.0,45,2019,0.0,7.0,0.0
2019/11/6,0.0,45,2019,0.0,7.0,0.0
2019/11/7,0.0,45,2019,0.0,7.0,0.0
2019/11/8,0.0,45,2019,0.0,7.0,0.0
2019/11/9,0.0,45,2019,0.0,7.0,0.0
2019/11/10,0.0,45,2019,0.0,7.0,0.0
2019/11/11,0.0,46,2019,0.0,7.0,0.0
2019/11/12,0.0,46,2019,0.0,7.0,0.0
2019/11/13,0.0,46,2019,0.0,7.0,0.0
2019/11/14,0.0,46,2019,0.0,7.0,0.0
2019/11/15,0.0,46,2019,0.0,7.0,0.0
2019/11/16,0.0,46,2019,0.0,7.0,0.0
2019/11/17,0.0,46,2019,0.0,7.0,0.0
2019/11/18,0.0,47,2019,0.0,7.0,0.0
2019/11/19,0.0,47,2019,0.0,7.0,0.0
2019/11/20,0.0,47,2019,0.0,7.0,0.0
2019/11/21,0.0,47,2019,0.0,7.0,0.0
2019/11/22,0.0,47,2019,0.0,7.0,0.0
2019/11/23,0.0,47,2019,0.0,7.0,0.0
2019/11/24,0.0,47,2019,0.0,7.0,0.0
2019/11/25,0.0,48,2019,0.0,7.0,0.0
2019/11/26,0.0,48,2019,0.0,7.0,0.0
2019/11/27,0.0,48,2019,0.0,7.0,0.0
2019/11/28,0.0,48,2019,0.0,7.0,0.0
2019/11/29,0.0,48,2019,0.0,7.0,0.0
2019/11/30,0.0,48,2019,0.0,7.0,0.0
2019/12/1,0.0,48,2019,0.0,7.0,0.0
2019/12/2,0.0,49,2019,3.0,4.0,37.0
2019/12/3,0.0,49,2019,3.0,4.0,37.0
2019/12/4,3.0,49,2019,3.0,4.0,37.0
2019/12/5,13.5,49,2019,3.0,4.0,37.0
2019/12/6,20.5,49,2019,3.0,4.0,37.0
2019/12/7,0.0,49,2019,3.0,4.0,37.0
2019/12/8,0.0,49,2019,3.0,4.0,37.0
2019/12/9,0.0,50,2019,0.0,7.0,0.0
2019/12/10,0.0,50,2019,0.0,7.0,0.0
2019/12/11,0.0,50,2019,0.0,7.0,0.0
2019/12/12,0.0,50,2019,0.0,7.0,0.0
2019/12/13,0.0,50,2019,0.0,7.0,0.0
2019/12/14,0.0,50,2019,0.0,7.0,0.0
2019/12/15,0.0,50,2019,0.0,7.0,0.0
2019/12/16,0.0,51,2019,1.0,6.0,1.0
2019/12/17,0.0,51,2019,1.0,6.0,1.0
2019/12/18,0.0,51,2019,1.0,6.0,1.0
2019/12/19,0.0,51,2019,1.0,6.0,1.0
2019/12/20,1.0,51,2019,1.0,6.0,1.0
2019/12/21,0.0,51,2019,1.0,6.0,1.0
2019/12/22,0.0,51,2019,1.0,6.0,1.0
2019/12/23,0.0,52,2019,1.0,6.0,75.0
2019/12/24,0.0,52,2019,1.0,6.0,75.0
2019/12/25,0.0,52,2019,1.0,6.0,75.0
2019/12/26,0.0,52,2019,1.0,6.0,75.0
2019/12/27,0.0,52,2019,1.0,6.0,75.0
2019/12/28,0.0,52,2019,1.0,6.0,75.0
2019/12/29,75.0,52,2019,1.0,6.0,75.0
2020/1/1,0.0,1,2020,0.0,5.0,0.0
2020/1/2,0.0,1,2020,0.0,5.0,0.0
2020/1/3,0.0,1,2020,0.0,5.0,0.0
2020/1/4,0.0,1,2020,0.0,5.0,0.0
2020/1/5,0.0,1,2020,0.0,5.0,0.0
2020/1/6,0.0,2,2020,0.0,7.0,0.0
2020/1/7,0.0,2,2020,0.0,7.0,0.0
2020/1/8,0.0,2,2020,0.0,7.0,0.0
2020/1/9,0.0,2,2020,0.0,7.0,0.0
2020/1/10,0.0,2,2020,0.0,7.0,0.0
2020/1/11,0.0,2,2020,0.0,7.0,0.0
2020/1/12,0.0,2,2020,0.0,7.0,0.0
2020/1/13,0.0,3,2020,0.0,7.0,0.0
2020/1/14,0.0,3,2020,0.0,7.0,0.0
2020/1/15,0.0,3,2020,0.0,7.0,0.0
2020/1/16,0.0,3,2020,0.0,7.0,0.0
2020/1/17,0.0,3,2020,0.0,7.0,0.0
2020/1/18,0.0,3,2020,0.0,7.0,0.0
2020/1/19,0.0,3,2020,0.0,7.0,0.0
2020/1/20,0.0,4,2020,1.0,6.0,17.0
2020/1/21,0.0,4,2020,1.0,6.0,17.0
2020/1/22,0.0,4,2020,1.0,6.0,17.0
2020/1/23,0.0,4,2020,1.0,6.0,17.0
2020/1/24,0.0,4,2020,1.0,6.0,17.0
2020/1/25,0.0,4,2020,1.0,6.0,17.0
2020/1/26,17.0,4,2020,1.0,6.0,17.0
2020/1/27,0.0,5,2020,1.0,6.0,0.5
2020/1/28,0.5,5,2020,1.0,6.0,0.5
2020/1/29,0.0,5,2020,1.0,6.0,0.5
2020/1/30,0.0,5,2020,1.0,6.0,0.5
2020/1/31,0.0,5,2020,1.0,6.0,0.5
2020/2/1,0.0,5,2020,1.0,6.0,0.5
2020/2/2,0.0,5,2020,1.0,6.0,0.5
2020/2/3,0.0,6,2020,0.0,7.0,0.0
2020/2/4,0.0,6,2020,0.0,7.0,0.0
2020/2/5,0.0,6,2020,0.0,7.0,0.0
2020/2/6,0.0,6,2020,0.0,7.0,0.0
2020/2/7,0.0,6,2020,0.0,7.0,0.0
2020/2/8,0.0,6,2020,0.0,7.0,0.0
2020/2/9,0.0,6,2020,0.0,7.0,0.0
2020/2/10,0.0,7,2020,0.0,7.0,0.0
2020/2/11,0.0,7,2020,0.0,7.0,0.0
2020/2/12,0.0,7,2020,0.0,7.0,0.0
2020/2/13,0.0,7,2020,0.0,7.0,0.0
2020/2/14,0.0,7,2020,0.0,7.0,0.0
2020/2/15,0.0,7,2020,0.0,7.0,0.0
2020/2/16,0.0,7,2020,0.0,7.0,0.0
2020/2/17,0.0,8,2020,0.0,7.0,0.0
2020/2/18,0.0,8,2020,0.0,7.0,0.0
2020/2/19,0.0,8,2020,0.0,7.0,0.0
2020/2/20,0.0,8,2020,0.0,7.0,0.0
2020/2/21,0.0,8,2020,0.0,7.0,0.0
2020/2/22,0.0,8,2020,0.0,7.0,0.0
2020/2/23,0.0,8,2020,0.0,7.0,0.0
2020/2/24,0.0,9,2020,0.0,7.0,0.0
2020/2/25,0.0,9,2020,0.0,7.0,0.0
2020/2/26,0.0,9,2020,0.0,7.0,0.0
2020/2/27,0.0,9,2020,0.0,7.0,0.0
2020/2/28,0.0,9,2020,0.0,7.0,0.0
2020/2/29,0.0,9,2020,0.0,7.0,0.0
2020/3/1,0.0,9,2020,0.0,7.0,0.0
2020/3/2,0.0,10,2020,1.0,6.0,4.5
2020/3/3,0.0,10,2020,1.0,6.0,4.5
2020/3/4,0.0,10,2020,1.0,6.0,4.5
2020/3/5,4.5,10,2020,1.0,6.0,4.5
2020/3/6,0.0,10,2020,1.0,6.0,4.5
2020/3/7,0.0,10,2020,1.0,6.0,4.5
2020/3/8,0.0,10,2020,1.0,6.0,4.5
2020/3/9,0.0,11,2020,2.0,5.0,20.5
2020/3/10,12.5,11,2020,2.0,5.0,20.5
2020/3/11,0.0,11,2020,2.0,5.0,20.5
2020/3/12,0.0,11,2020,2.0,5.0,20.5
2020/3/13,0.0,11,2020,2.0,5.0,20.5
2020/3/14,8.0,11,2020,2.0,5.0,20.5
2020/3/15,0.0,11,2020,2.0,5.0,20.5
2020/3/16,0.0,12,2020,0.0,7.0,0.0
2020/3/17,0.0,12,2020,0.0,7.0,0.0
2020/3/18,0.0,12,2020,0.0,7.0,0.0
2020/3/19,0.0,12,2020,0.0,7.0,0.0
2020/3/20,0.0,12,2020,0.0,7.0,0.0
2020/3/21,0.0,12,2020,0.0,7.0,0.0
2020/3/22,0.0,12,2020,0.0,7.0,0.0
2020/3/23,0.0,13,2020,1.0,6.0,16.5
2020/3/24,0.0,13,2020,1.0,6.0,16.5
2020/3/25,0.0,13,2020,1.0,6.0,16.5
2020/3/26,0.0,13,2020,1.0,6.0,16.5
2020/3/27,0.0,13,2020,1.0,6.0,16.5
2020/3/28,16.5,13,2020,1.0,6.0,16.5
2020/3/29,0.0,13,2020,1.0,6.0,16.5
2020/3/30,0.0,14,2020,2.0,5.0,2.5
2020/3/31,0.0,14,2020,2.0,5.0,2.5
2020/4/1,0.0,14,2020,2.0,5.0,2.5
2020/4/2,1.5,14,2020,2.0,5.0,2.5
2020/4/3,0.0,14,2020,2.0,5.0,2.5
2020/4/4,0.0,14,2020,2.0,5.0,2.5
2020/4/5,1.0,14,2020,2.0,5.0,2.5
2020/4/6,12.0,15,2020,4.0,3.0,21.5
2020/4/7,4.0,15,2020,4.0,3.0,21.5
2020/4/8,0.0,15,2020,4.0,3.0,21.5
2020/4/9,0.0,15,2020,4.0,3.0,21.5
2020/4/10,0.0,15,2020,4.0,3.0,21.5
2020/4/11,0.5,15,2020,4.0,3.0,21.5
2020/4/12,5.0,15,2020,4.0,3.0,21.5
2020/4/13,0.0,16,2020,0.0,7.0,0.0
2020/4/14,0.0,16,2020,0.0,7.0,0.0
2020/4/15,0.0,16,2020,0.0,7.0,0.0
2020/4/16,0.0,16,2020,0.0,7.0,0.0
2020/4/17,0.0,16,2020,0.0,7.0,0.0
2020/4/18,0.0,16,2020,0.0,7.0,0.0
2020/4/19,0.0,16,2020,0.0,7.0,0.0
2020/4/20,0.0,17,2020,2.0,5.0,15.5
2020/4/21,0.0,17,2020,2.0,5.0,15.5
2020/4/22,0.0,17,2020,2.0,5.0,15.5
2020/4/23,13.5,17,2020,2.0,5.0,15.5
2020/4/24,2.0,17,2020,2.0,5.0,15.5
2020/4/25,0.0,17,2020,2.0,5.0,15.5
2020/4/26,0.0,17,2020,2.0,5.0,15.5
2020/4/27,0.0,18,2020,0.0,7.0,0.0
2020/4/28,0.0,18,2020,0.0,7.0,0.0
2020/4/29,0.0,18,2020,0.0,7.0,0.0
2020/4/30,0.0,18,2020,0.0,7.0,0.0
2020/5/1,0.0,18,2020,0.0,7.0,0.0
2020/5/2,0.0,18,2020,0.0,7.0,0.0
2020/5/3,0.0,18,2020,0.0,7.0,0.0
2020/5/4,0.0,19,2020,0.0,7.0,0.0
2020/5/5,0.0,19,2020,0.0,7.0,0.0
2020/5/6,0.0,19,2020,0.0,7.0,0.0
2020/5/7,0.0,19,2020,0.0,7.0,0.0
2020/5/8,0.0,19,2020,0.0,7.0,0.0
2020/5/9,0.0,19,2020,0.0,7.0,0.0
2020/5/10,0.0,19,2020,0.0,7.0,0.0
2020/5/11,0.0,20,2020,1.0,6.0,54.0
2020/5/12,0.0,20,2020,1.0,6.0,54.0
2020/5/13,0.0,20,2020,1.0,6.0,54.0
2020/5/14,0.0,20,2020,1.0,6.0,54.0
2020/5/15,0.0,20,2020,1.0,6.0,54.0
2020/5/16,54.0,20,2020,1.0,6.0,54.0
2020/5/17,0.0,20,2020,1.0,6.0,54.0
2020/5/18,1.0,21,2020,7.0,0.0,117.0
2020/5/19,39.5,21,2020,7.0,0.0,117.0
2020/5/20,0.5,21,2020,7.0,0.0,117.0
2020/5/21,17.5,21,2020,7.0,0.0,117.0
2020/5/22,46.5,21,2020,7.0,0.0,117.0
2020/5/23,11.5,21,2020,7.0,0.0,117.0
2020/5/24,0.5,21,2020,7.0,0.0,117.0
2020/5/25,0.0,22,2020,4.0,3.0,287.5
2020/5/26,76.0,22,2020,4.0,3.0,287.5
2020/5/27,12.0,22,2020,4.0,3.0,287.5
2020/5/28,141.0,22,2020,4.0,3.0,287.5
2020/5/29,58.5,22,2020,4.0,3.0,287.5
2020/5/30,0.0,22,2020,4.0,3.0,287.5
2020/5/31,0.0,22,2020,4.0,3.0,287.5
2020/6/1,0.0,23,2020,2.0,5.0,18.5
2020/6/2,0.0,23,2020,2.0,5.0,18.5
2020/6/3,0.0,23,2020,2.0,5.0,18.5
2020/6/4,0.0,23,2020,2.0,5.0,18.5
2020/6/5,0.0,23,2020,2.0,5.0,18.5
2020/6/6,17.5,23,2020,2.0,5.0,18.5
2020/6/7,1.0,23,2020,2.0,5.0,18.5
2020/6/8,34.0,24,2020,3.0,4.0,55.5
2020/6/9,0.0,24,2020,3.0,4.0,55.5
2020/6/10,0.0,24,2020,3.0,4.0,55.5
2020/6/11,0.0,24,2020,3.0,4.0,55.5
2020/6/12,0.0,24,2020,3.0,4.0,55.5
2020/6/13,17.5,24,2020,3.0,4.0,55.5
2020/6/14,4.0,24,2020,3.0,4.0,55.5
2020/6/15,0.0,25,2020,0.0,7.0,0.0
2020/6/16,0.0,25,2020,0.0,7.0,0.0
2020/6/17,0.0,25,2020,0.0,7.0,0.0
2020/6/18,0.0,25,2020,0.0,7.0,0.0
2020/6/19,0.0,25,2020,0.0,7.0,0.0
2020/6/20,0.0,25,2020,0.0,7.0,0.0
2020/6/21,0.0,25,2020,0.0,7.0,0.0
2020/6/22,0.0,26,2020,2.0,5.0,10.5
2020/6/23,0.0,26,2020,2.0,5.0,10.5
2020/6/24,0.0,26,2020,2.0,5.0,10.5
2020/6/25,0.0,26,2020,2.0,5.0,10.5
2020/6/26,4.5,26,2020,2.0,5.0,10.5
2020/6/27,6.0,26,2020,2.0,5.0,10.5
2020/6/28,0.0,26,2020,2.0,5.0,10.5
2020/6/29,0.0,27,2020,4.0,3.0,9.0
2020/6/30,2.0,27,2020,4.0,3.0,9.0
2020/7/1,1.0,27,2020,4.0,3.0,9.0
2020/7/2,0.5,27,2020,4.0,3.0,9.0
2020/7/3,5.5,27,2020,4.0,3.0,9.0
2020/7/4,0.0,27,2020,4.0,3.0,9.0
2020/7/5,0.0,27,2020,4.0,3.0,9.0
2020/7/6,0.0,28,2020,0.0,7.0,0.0
2020/7/7,0.0,28,2020,0.0,7.0,0.0
2020/7/8,0.0,28,2020,0.0,7.0,0.0
2020/7/9,0.0,28,2020,0.0,7.0,0.0
2020/7/10,0.0,28,2020,0.0,7.0,0.0
2020/7/11,0.0,28,2020,0.0,7.0,0.0
2020/7/12,0.0,28,2020,0.0,7.0,0.0
2020/7/13,0.0,29,2020,2.0,5.0,5.5
2020/7/14,0.0,29,2020,2.0,5.0,5.5
2020/7/15,0.5,29,2020,2.0,5.0,5.5
2020/7/16,5.0,29,2020,2.0,5.0,5.5
2020/7/17,0.0,29,2020,2.0,5.0,5.5
2020/7/18,0.0,29,2020,2.0,5.0,5.5
2020/7/19,0.0,29,2020,2.0,5.0,5.5
2020/7/20,19.5,30,2020,4.0,3.0,27.0
2020/7/21,6.0,30,2020,4.0,3.0,27.0
2020/7/22,0.5,30,2020,4.0,3.0,27.0
2020/7/23,1.0,30,2020,4.0,3.0,27.0
2020/7/24,0.0,30,2020,4.0,3.0,27.0
2020/7/25,0.0,30,2020,4.0,3.0,27.0
2020/7/26,0.0,30,2020,4.0,3.0,27.0
2020/7/27,1.5,31,2020,5.0,2.0,87.0
2020/7/28,32.0,31,2020,5.0,2.0,87.0
2020/7/29,3.0,31,2020,5.0,2.0,87.0
2020/7/30,0.0,31,2020,5.0,2.0,87.0
2020/7/31,0.0,31,2020,5.0,2.0,87.0
2020/8/1,49.0,31,2020,5.0,2.0,87.0
2020/8/2,1.5,31,2020,5.0,2.0,87.0
2020/8/3,11.0,32,2020,3.0,4.0,19.0
2020/8/4,5.0,32,2020,3.0,4.0,19.0
2020/8/5,3.0,32,2020,3.0,4.0,19.0
2020/8/6,0.0,32,2020,3.0,4.0,19.0
2020/8/7,0.0,32,2020,3.0,4.0,19.0
2020/8/8,0.0,32,2020,3.0,4.0,19.0
2020/8/9,0.0,32,2020,3.0,4.0,19.0
2020/8/10,80.5,33,2020,5.0,2.0,172.5
2020/8/11,4.0,33,2020,5.0,2.0,172.5
2020/8/12,21.5,33,2020,5.0,2.0,172.5
2020/8/13,0.0,33,2020,5.0,2.0,172.5
2020/8/14,0.0,33,2020,5.0,2.0,172.5
2020/8/15,63.5,33,2020,5.0,2.0,172.5
2020/8/16,3.0,33,2020,5.0,2.0,172.5
2020/8/17,0.0,34,2020,5.0,2.0,21.0
2020/8/18,6.0,34,2020,5.0,2.0,21.0
2020/8/19,0.5,34,2020,5.0,2.0,21.0
2020/8/20,8.0,34,2020,5.0,2.0,21.0
2020/8/21,0.0,34,2020,5.0,2.0,21.0
2020/8/22,4.5,34,2020,5.0,2.0,21.0
2020/8/23,2.0,34,2020,5.0,2.0,21.0
2020/8/24,0.0,35,2020,5.0,2.0,72.5
2020/8/25,0.0,35,2020,5.0,2.0,72.5
2020/8/26,9.5,35,2020,5.0,2.0,72.5
2020/8/27,18.5,35,2020,5.0,2.0,72.5
2020/8/28,1.0,35,2020,5.0,2.0,72.5
2020/8/29,35.0,35,2020,5.0,2.0,72.5
2020/8/30,8.5,35,2020,5.0,2.0,72.5
2020/8/31,0.0,36,2020,0.0,7.0,0.0
2020/9/1,0.0,36,2020,0.0,7.0,0.0
2020/9/2,0.0,36,2020,0.0,7.0,0.0
2020/9/3,0.0,36,2020,0.0,7.0,0.0
2020/9/4,0.0,36,2020,0.0,7.0,0.0
2020/9/5,0.0,36,2020,0.0,7.0,0.0
2020/9/6,0.0,36,2020,0.0,7.0,0.0
2020/9/7,0.0,37,2020,1.0,6.0,26.0
2020/9/8,0.0,37,2020,1.0,6.0,26.0
2020/9/9,0.0,37,2020,1.0,6.0,26.0
2020/9/10,0.0,37,2020,1.0,6.0,26.0
2020/9/11,0.0,37,2020,1.0,6.0,26.0
2020/9/12,26.0,37,2020,1.0,6.0,26.0
2020/9/13,0.0,37,2020,1.0,6.0,26.0
2020/9/14,0.0,38,2020,2.0,5.0,7.0
2020/9/15,0.0,38,2020,2.0,5.0,7.0
2020/9/16,0.0,38,2020,2.0,5.0,7.0
2020/9/17,0.0,38,2020,2.0,5.0,7.0
2020/9/18,6.0,38,2020,2.0,5.0,7.0
2020/9/19,1.0,38,2020,2.0,5.0,7.0
2020/9/20,0.0,38,2020,2.0,5.0,7.0
2020/9/21,0.0,39,2020,0.0,7.0,0.0
2020/9/22,0.0,39,2020,0.0,7.0,0.0
2020/9/23,0.0,39,2020,0.0,7.0,0.0
2020/9/24,0.0,39,2020,0.0,7.0,0.0
2020/9/25,0.0,39,2020,0.0,7.0,0.0
2020/9/26,0.0,39,2020,0.0,7.0,0.0
2020/9/27,0.0,39,2020,0.0,7.0,0.0
2020/9/28,0.0,40,2020,0.0,7.0,0.0
2020/9/29,0.0,40,2020,0.0,7.0,0.0
2020/9/30,0.0,40,2020,0.0,7.0,0.0
2020/10/1,0.0,40,2020,0.0,7.0,0.0
2020/10/2,0.0,40,2020,0.0,7.0,0.0
2020/10/3,0.0,40,2020,0.0,7.0,0.0
2020/10/4,0.0,40,2020,0.0,7.0,0.0
2020/10/5,0.0,41,2020,0.0,7.0,0.0
2020/10/6,0.0,41,2020,0.0,7.0,0.0
2020/10/7,0.0,41,2020,0.0,7.0,0.0
2020/10/8,0.0,41,2020,0.0,7.0,0.0
2020/10/9,0.0,41,2020,0.0,7.0,0.0
2020/10/10,0.0,41,2020,0.0,7.0,0.0
2020/10/11,0.0,41,2020,0.0,7.0,0.0
2020/10/12,0.0,42,2020,0.0,7.0,0.0
2020/10/13,0.0,42,2020,0.0,7.0,0.0
2020/10/14,0.0,42,2020,0.0,7.0,0.0
2020/10/15,0.0,42,2020,0.0,7.0,0.0
2020/10/16,0.0,42,2020,0.0,7.0,0.0
2020/10/17,0.0,42,2020,0.0,7.0,0.0
2020/10/18,0.0,42,2020,0.0,7.0,0.0
2020/10/19,0.0,43,2020,0.0,7.0,0.0
2020/10/20,0.0,43,2020,0.0,7.0,0.0
2020/10/21,0.0,43,2020,0.0,7.0,0.0
2020/10/22,0.0,43,2020,0.0,7.0,0.0
2020/10/23,0.0,43,2020,0.0,7.0,0.0
2020/10/24,0.0,43,2020,0.0,7.0,0.0
2020/10/25,0.0,43,2020,0.0,7.0,0.0
2020/10/26,0.0,44,2020,0.0,7.0,0.0
2020/10/27,0.0,44,2020,0.0,7.0,0.0
2020/10/28,0.0,44,2020,0.0,7.0,0.0
2020/10/29,0.0,44,2020,0.0,7.0,0.0
2020/10/30,0.0,44,2020,0.0,7.0,0.0
2020/10/31,0.0,44,2020,0.0,7.0,0.0
2020/11/1,0.0,44,2020,0.0,7.0,0.0
2020/11/2,0.0,45,2020,1.0,6.0,0.5
2020/11/3,0.0,45,2020,1.0,6.0,0.5
2020/11/4,0.0,45,2020,1.0,6.0,0.5
2020/11/5,0.0,45,2020,1.0,6.0,0.5
2020/11/6,0.0,45,2020,1.0,6.0,0.5
2020/11/7,0.0,45,2020,1.0,6.0,0.5
2020/11/8,0.5,45,2020,1.0,6.0,0.5
2020/11/9,1.0,46,2020,3.0,4.0,4.5
2020/11/10,1.5,46,2020,3.0,4.0,4.5
2020/11/11,0.0,46,2020,3.0,4.0,4.5
2020/11/12,0.0,46,2020,3.0,4.0,4.5
2020/11/13,0.0,46,2020,3.0,4.0,4.5
2020/11/14,2.0,46,2020,3.0,4.0,4.5
2020/11/15,0.0,46,2020,3.0,4.0,4.5
2020/11/16,0.0,47,2020,0.0,7.0,0.0
2020/11/17,0.0,47,2020,0.0,7.0,0.0
2020/11/18,0.0,47,2020,0.0,7.0,0.0
2020/11/19,0.0,47,2020,0.0,7.0,0.0
2020/11/20,0.0,47,2020,0.0,7.0,0.0
2020/11/21,0.0,47,2020,0.0,7.0,0.0
2020/11/22,0.0,47,2020,0.0,7.0,0.0
2020/11/23,0.0,48,2020,0.0,7.0,0.0
2020/11/24,0.0,48,2020,0.0,7.0,0.0
2020/11/25,0.0,48,2020,0.0,7.0,0.0
2020/11/26,0.0,48,2020,0.0,7.0,0.0
2020/11/27,0.0,48,2020,0.0,7.0,0.0
2020/11/28,0.0,48,2020,0.0,7.0,0.0
2020/11/29,0.0,48,2020,0.0,7.0,0.0
2020/11/30,0.0,49,2020,0.0,7.0,0.0
2020/12/1,0.0,49,2020,0.0,7.0,0.0
2020/12/2,0.0,49,2020,0.0,7.0,0.0
2020/12/3,0.0,49,2020,0.0,7.0,0.0
2020/12/4,0.0,49,2020,0.0,7.0,0.0
2020/12/5,0.0,49,2020,0.0,7.0,0.0
2020/12/6,0.0,49,2020,0.0,7.0,0.0
2020/12/7,0.0,50,2020,2.0,5.0,12.5
2020/12/8,1.5,50,2020,2.0,5.0,12.5
2020/12/9,11.0,50,2020,2.0,5.0,12.5
2020/12/10,0.0,50,2020,2.0,5.0,12.5
2020/12/11,0.0,50,2020,2.0,5.0,12.5
2020/12/12,0.0,50,2020,2.0,5.0,12.5
2020/12/13,0.0,50,2020,2.0,5.0,12.5
2020/12/14,0.0,51,2020,0.0,7.0,0.0
2020/12/15,0.0,51,2020,0.0,7.0,0.0
2020/12/16,0.0,51,2020,0.0,7.0,0.0
2020/12/17,0.0,51,2020,0.0,7.0,0.0
2020/12/18,0.0,51,2020,0.0,7.0,0.0
2020/12/19,0.0,51,2020,0.0,7.0,0.0
2020/12/20,0.0,51,2020,0.0,7.0,0.0
2020/12/21,3.0,52,2020,3.0,4.0,23.5
2020/12/22,0.0,52,2020,3.0,4.0,23.5
2020/12/23,0.0,52,2020,3.0,4.0,23.5
2020/12/24,14.5,52,2020,3.0,4.0,23.5
2020/12/25,0.0,52,2020,3.0,4.0,23.5
2020/12/26,0.0,52,2020,3.0,4.0,23.5
2020/12/27,6.0,52,2020,3.0,4.0,23.5
2021/1/4,0.0,1,2021,1.0,6.0,2.5
2021/1/5,0.0,1,2021,1.0,6.0,2.5
2021/1/6,0.0,1,2021,1.0,6.0,2.5
2021/1/7,2.5,1,2021,1.0,6.0,2.5
2021/1/8,0.0,1,2021,1.0,6.0,2.5
2021/1/9,0.0,1,2021,1.0,6.0,2.5
2021/1/10,0.0,1,2021,1.0,6.0,2.5
2021/1/11,1.0,2,2021,2.0,5.0,1.5
2021/1/12,0.5,2,2021,2.0,5.0,1.5
2021/1/13,0.0,2,2021,2.0,5.0,1.5
2021/1/14,0.0,2,2021,2.0,5.0,1.5
2021/1/15,0.0,2,2021,2.0,5.0,1.5
2021/1/16,0.0,2,2021,2.0,5.0,1.5
2021/1/17,0.0,2,2021,2.0,5.0,1.5
2021/1/18,0.0,3,2021,1.0,6.0,0.5
2021/1/19,0.0,3,2021,1.0,6.0,0.5
2021/1/20,0.0,3,2021,1.0,6.0,0.5
2021/1/21,0.0,3,2021,1.0,6.0,0.5
2021/1/22,0.5,3,2021,1.0,6.0,0.5
2021/1/23,0.0,3,2021,1.0,6.0,0.5
2021/1/24,0.0,3,2021,1.0,6.0,0.5
2021/1/25,0.0,4,2021,0.0,7.0,0.0
2021/1/26,0.0,4,2021,0.0,7.0,0.0
2021/1/27,0.0,4,2021,0.0,7.0,0.0
2021/1/28,0.0,4,2021,0.0,7.0,0.0
2021/1/29,0.0,4,2021,0.0,7.0,0.0
2021/1/30,0.0,4,2021,0.0,7.0,0.0
2021/1/31,0.0,4,2021,0.0,7.0,0.0
2021/2/1,0.0,5,2021,0.0,7.0,0.0
2021/2/2,0.0,5,2021,0.0,7.0,0.0
2021/2/3,0.0,5,2021,0.0,7.0,0.0
2021/2/4,0.0,5,2021,0.0,7.0,0.0
2021/2/5,0.0,5,2021,0.0,7.0,0.0
2021/2/6,0.0,5,2021,0.0,7.0,0.0
2021/2/7,0.0,5,2021,0.0,7.0,0.0
2021/2/8,0.0,6,2021,2.0,5.0,28.5
2021/2/9,0.0,6,2021,2.0,5.0,28.5
2021/2/10,5.0,6,2021,2.0,5.0,28.5
2021/2/11,23.5,6,2021,2.0,5.0,28.5
2021/2/12,0.0,6,2021,2.0,5.0,28.5
2021/2/13,0.0,6,2021,2.0,5.0,28.5
2021/2/14,0.0,6,2021,2.0,5.0,28.5
2021/2/15,0.0,7,2021,0.0,7.0,0.0
2021/2/16,0.0,7,2021,0.0,7.0,0.0
2021/2/17,0.0,7,2021,0.0,7.0,0.0
2021/2/18,0.0,7,2021,0.0,7.0,0.0
2021/2/19,0.0,7,2021,0.0,7.0,0.0
2021/2/20,0.0,7,2021,0.0,7.0,0.0
2021/2/21,0.0,7,2021,0.0,7.0,0.0
2021/2/22,0.0,8,2021,0.0,7.0,0.0
2021/2/23,0.0,8,2021,0.0,7.0,0.0
2021/2/24,0.0,8,2021,0.0,7.0,0.0
2021/2/25,0.0,8,2021,0.0,7.0,0.0
2021/2/26,0.0,8,2021,0.0,7.0,0.0
2021/2/27,0.0,8,2021,0.0,7.0,0.0
2021/2/28,0.0,8,2021,0.0,7.0,0.0
2021/3/1,0.0,9,2021,0.0,7.0,0.0
2021/3/2,0.0,9,2021,0.0,7.0,0.0
2021/3/3,0.0,9,2021,0.0,7.0,0.0
2021/3/4,0.0,9,2021,0.0,7.0,0.0
2021/3/5,0.0,9,2021,0.0,7.0,0.0
2021/3/6,0.0,9,2021,0.0,7.0,0.0
2021/3/7,0.0,9,2021,0.0,7.0,0.0
2021/3/8,0.0,10,2021,0.0,7.0,0.0
2021/3/9,0.0,10,2021,0.0,7.0,0.0
2021/3/10,0.0,10,2021,0.0,7.0,0.0
2021/3/11,0.0,10,2021,0.0,7.0,0.0
2021/3/12,0.0,10,2021,0.0,7.0,0.0
2021/3/13,0.0,10,2021,0.0,7.0,0.0
2021/3/14,0.0,10,2021,0.0,7.0,0.0
2021/3/15,0.0,11,2021,0.0,7.0,0.0
2021/3/16,0.0,11,2021,0.0,7.0,0.0
2021/3/17,0.0,11,2021,0.0,7.0,0.0
2021/3/18,0.0,11,2021,0.0,7.0,0.0
2021/3/19,0.0,11,2021,0.0,7.0,0.0
2021/3/20,0.0,11,2021,0.0,7.0,0.0
2021/3/21,0.0,11,2021,0.0,7.0,0.0
2021/3/22,0.5,12,2021,2.0,5.0,10.5
2021/3/23,0.0,12,2021,2.0,5.0,10.5
2021/3/24,10.0,12,2021,2.0,5.0,10.5
2021/3/25,0.0,12,2021,2.0,5.0,10.5
2021/3/26,0.0,12,2021,2.0,5.0,10.5
2021/3/27,0.0,12,2021,2.0,5.0,10.5
2021/3/28,0.0,12,2021,2.0,5.0,10.5
2021/3/29,0.0,13,2021,2.0,5.0,1.0
2021/3/30,0.5,13,2021,2.0,5.0,1.0
2021/3/31,0.5,13,2021,2.0,5.0,1.0
2021/4/1,0.0,13,2021,2.0,5.0,1.0
2021/4/2,0.0,13,2021,2.0,5.0,1.0
2021/4/3,0.0,13,2021,2.0,5.0,1.0
2021/4/4,0.0,13,2021,2.0,5.0,1.0
2021/4/5,0.0,14,2021,1.0,6.0,0.5
2021/4/6,0.0,14,2021,1.0,6.0,0.5
2021/4/7,0.0,14,2021,1.0,6.0,0.5
2021/4/8,0.0,14,2021,1.0,6.0,0.5
2021/4/9,0.5,14,2021,1.0,6.0,0.5
2021/4/10,0.0,14,2021,1.0,6.0,0.5
2021/4/11,0.0,14,2021,1.0,6.0,0.5
2021/4/12,0.0,15,2021,0.0,7.0,0.0
2021/4/13,0.0,15,2021,0.0,7.0,0.0
2021/4/14,0.0,15,2021,0.0,7.0,0.0
2021/4/15,0.0,15,2021,0.0,7.0,0.0
2021/4/16,0.0,15,2021,0.0,7.0,0.0
2021/4/17,0.0,15,2021,0.0,7.0,0.0
2021/4/18,0.0,15,2021,0.0,7.0,0.0
2021/4/19,0.0,16,2021,1.0,6.0,2.5
2021/4/20,0.0,16,2021,1.0,6.0,2.5
2021/4/21,0.0,16,2021,1.0,6.0,2.5
2021/4/22,0.0,16,2021,1.0,6.0,2.5
2021/4/23,0.0,16,2021,1.0,6.0,2.5
2021/4/24,0.0,16,2021,1.0,6.0,2.5
2021/4/25,2.5,16,2021,1.0,6.0,2.5
2021/4/26,0.0,17,2021,1.0,6.0,30.0
2021/4/27,0.0,17,2021,1.0,6.0,30.0
2021/4/28,0.0,17,2021,1.0,6.0,30.0
2021/4/29,30.0,17,2021,1.0,6.0,30.0
2021/4/30,0.0,17,2021,1.0,6.0,30.0
2021/5/1,0.0,17,2021,1.0,6.0,30.0
2021/5/2,0.0,17,2021,1.0,6.0,30.0
2021/5/3,0.0,18,2021,0.0,7.0,0.0
2021/5/4,0.0,18,2021,0.0,7.0,0.0
2021/5/5,0.0,18,2021,0.0,7.0,0.0
2021/5/6,0.0,18,2021,0.0,7.0,0.0
2021/5/7,0.0,18,2021,0.0,7.0,0.0
2021/5/8,0.0,18,2021,0.0,7.0,0.0
2021/5/9,0.0,18,2021,0.0,7.0,0.0
2021/5/10,0.0,19,2021,0.0,7.0,0.0
2021/5/11,0.0,19,2021,0.0,7.0,0.0
2021/5/12,0.0,19,2021,0.0,7.0,0.0
2021/5/13,0.0,19,2021,0.0,7.0,0.0
2021/5/14,0.0,19,2021,0.0,7.0,0.0
2021/5/15,0.0,19,2021,0.0,7.0,0.0
2021/5/16,0.0,19,2021,0.0,7.0,0.0
2021/5/17,0.0,20,2021,0.0,7.0,0.0
2021/5/18,0.0,20,2021,0.0,7.0,0.0
2021/5/19,0.0,20,2021,0.0,7.0,0.0
2021/5/20,0.0,20,2021,0.0,7.0,0.0
2021/5/21,0.0,20,2021,0.0,7.0,0.0
2021/5/22,0.0,20,2021,0.0,7.0,0.0
2021/5/23,0.0,20,2021,0.0,7.0,0.0
2021/5/24,26.5,21,2021,3.0,4.0,154.5
2021/5/25,0.0,21,2021,3.0,4.0,154.5
2021/5/26,0.0,21,2021,3.0,4.0,154.5
2021/5/27,0.0,21,2021,3.0,4.0,154.5
2021/5/28,0.0,21,2021,3.0,4.0,154.5
2021/5/29,10.0,21,2021,3.0,4.0,154.5
2021/5/30,118.0,21,2021,3.0,4.0,154.5
2021/5/31,7.5,22,2021,5.0,2.0,222.5
2021/6/1,28.0,22,2021,5.0,2.0,222.5
2021/6/2,0.0,22,2021,5.0,2.0,222.5
2021/6/3,0.0,22,2021,5.0,2.0,222.5
2021/6/4,82.5,22,2021,5.0,2.0,222.5
2021/6/5,69.0,22,2021,5.0,2.0,222.5
2021/6/6,35.5,22,2021,5.0,2.0,222.5
2021/6/7,0.0,23,2021,4.0,3.0,107.0
2021/6/8,68.5,23,2021,4.0,3.0,107.0
2021/6/9,1.5,23,2021,4.0,3.0,107.0
2021/6/10,3.5,23,2021,4.0,3.0,107.0
2021/6/11,0.0,23,2021,4.0,3.0,107.0
2021/6/12,33.5,23,2021,4.0,3.0,107.0
2021/6/13,0.0,23,2021,4.0,3.0,107.0
2021/6/14,0.0,24,2021,3.0,4.0,94.5
2021/6/15,0.0,24,2021,3.0,4.0,94.5
2021/6/16,27.5,24,2021,3.0,4.0,94.5
2021/6/17,0.0,24,2021,3.0,4.0,94.5
2021/6/18,0.0,24,2021,3.0,4.0,94.5
2021/6/19,20.5,24,2021,3.0,4.0,94.5
2021/6/20,46.5,24,2021,3.0,4.0,94.5
2021/6/21,102.0,25,2021,4.0,3.0,162.0
2021/6/22,46.0,25,2021,4.0,3.0,162.0
2021/6/23,0.0,25,2021,4.0,3.0,162.0
2021/6/24,0.0,25,2021,4.0,3.0,162.0
2021/6/25,1.0,25,2021,4.0,3.0,162.0
2021/6/26,0.0,25,2021,4.0,3.0,162.0
2021/6/27,13.0,25,2021,4.0,3.0,162.0
2021/6/28,31.0,26,2021,4.0,3.0,40.5
2021/6/29,7.5,26,2021,4.0,3.0,40.5
2021/6/30,1.0,26,2021,4.0,3.0,40.5
2021/7/1,0.0,26,2021,4.0,3.0,40.5
2021/7/2,0.0,26,2021,4.0,3.0,40.5
2021/7/3,0.0,26,2021,4.0,3.0,40.5
2021/7/4,1.0,26,2021,4.0,3.0,40.5
2021/7/5,0.5,27,2021,3.0,4.0,33.5
2021/7/6,0.0,27,2021,3.0,4.0,33.5
2021/7/7,29.5,27,2021,3.0,4.0,33.5
2021/7/8,0.0,27,2021,3.0,4.0,33.5
2021/7/9,0.0,27,2021,3.0,4.0,33.5
2021/7/10,0.0,27,2021,3.0,4.0,33.5
2021/7/11,3.5,27,2021,3.0,4.0,33.5
2021/7/12,5.0,28,2021,5.0,2.0,201.5
2021/7/13,4.5,28,2021,5.0,2.0,201.5
2021/7/14,0.0,28,2021,5.0,2.0,201.5
2021/7/15,79.0,28,2021,5.0,2.0,201.5
2021/7/16,67.0,28,2021,5.0,2.0,201.5
2021/7/17,0.0,28,2021,5.0,2.0,201.5
2021/7/18,46.0,28,2021,5.0,2.0,201.5
2021/7/19,68.5,29,2021,3.0,4.0,101.5
2021/7/20,0.0,29,2021,3.0,4.0,101.5
2021/7/21,0.0,29,2021,3.0,4.0,101.5
2021/7/22,0.0,29,2021,3.0,4.0,101.5
2021/7/23,32.5,29,2021,3.0,4.0,101.5
2021/7/24,0.0,29,2021,3.0,4.0,101.5
2021/7/25,0.5,29,2021,3.0,4.0,101.5
2021/7/26,4.5,30,2021,3.0,4.0,154.5
2021/7/27,0.0,30,2021,3.0,4.0,154.5
2021/7/28,0.0,30,2021,3.0,4.0,154.5
2021/7/29,0.0,30,2021,3.0,4.0,154.5
2021/7/30,0.0,30,2021,3.0,4.0,154.5
2021/7/31,54.0,30,2021,3.0,4.0,154.5
2021/8/1,96.0,30,2021,3.0,4.0,154.5
2021/8/2,109.5,31,2021,6.0,1.0,318.5
2021/8/3,32.5,31,2021,6.0,1.0,318.5
2021/8/4,0.5,31,2021,6.0,1.0,318.5
2021/8/5,24.5,31,2021,6.0,1.0,318.5
2021/8/6,86.0,31,2021,6.0,1.0,318.5
2021/8/7,65.5,31,2021,6.0,1.0,318.5
2021/8/8,0.0,31,2021,6.0,1.0,318.5
2021/8/9,20.5,32,2021,4.0,3.0,31.0
2021/8/10,5.0,32,2021,4.0,3.0,31.0
2021/8/11,0.0,32,2021,4.0,3.0,31.0
2021/8/12,0.0,32,2021,4.0,3.0,31.0
2021/8/13,1.0,32,2021,4.0,3.0,31.0
2021/8/14,0.0,32,2021,4.0,3.0,31.0
2021/8/15,4.5,32,2021,4.0,3.0,31.0
2021/8/16,0.5,33,2021,3.0,4.0,27.0
2021/8/17,0.0,33,2021,3.0,4.0,27.0
2021/8/18,19.0,33,2021,3.0,4.0,27.0
2021/8/19,7.5,33,2021,3.0,4.0,27.0
2021/8/20,0.0,33,2021,3.0,4.0,27.0
2021/8/21,0.0,33,2021,3.0,4.0,27.0
2021/8/22,0.0,33,2021,3.0,4.0,27.0
2021/8/23,0.0,34,2021,4.0,3.0,14.0
2021/8/24,2.5,34,2021,4.0,3.0,14.0
2021/8/25,7.5,34,2021,4.0,3.0,14.0
2021/8/26,0.5,34,2021,4.0,3.0,14.0
2021/8/27,0.0,34,2021,4.0,3.0,14.0
2021/8/28,3.5,34,2021,4.0,3.0,14.0
2021/8/29,0.0,34,2021,4.0,3.0,14.0
2021/8/30,0.0,35,2021,4.0,3.0,38.0
2021/8/31,0.0,35,2021,4.0,3.0,38.0
2021/9/1,16.5,35,2021,4.0,3.0,38.0
2021/9/2,0.0,35,2021,4.0,3.0,38.0
2021/9/3,2.0,35,2021,4.0,3.0,38.0
2021/9/4,18.5,35,2021,4.0,3.0,38.0
2021/9/5,1.0,35,2021,4.0,3.0,38.0
2021/9/6,0.5,36,2021,3.0,4.0,5.0
2021/9/7,0.0,36,2021,3.0,4.0,5.0
2021/9/8,0.0,36,2021,3.0,4.0,5.0
2021/9/9,1.5,36,2021,3.0,4.0,5.0
2021/9/10,0.0,36,2021,3.0,4.0,5.0
2021/9/11,0.0,36,2021,3.0,4.0,5.0
2021/9/12,3.0,36,2021,3.0,4.0,5.0
2021/9/13,21.0,37,2021,3.0,4.0,28.0
2021/9/14,0.0,37,2021,3.0,4.0,28.0
2021/9/15,6.0,37,2021,3.0,4.0,28.0
2021/9/16,0.0,37,2021,3.0,4.0,28.0
2021/9/17,0.0,37,2021,3.0,4.0,28.0
2021/9/18,1.0,37,2021,3.0,4.0,28.0
2021/9/19,0.0,37,2021,3.0,4.0,28.0
2021/9/20,0.0,38,2021,0.0,7.0,0.0
2021/9/21,0.0,38,2021,0.0,7.0,0.0
2021/9/22,0.0,38,2021,0.0,7.0,0.0
2021/9/23,0.0,38,2021,0.0,7.0,0.0
2021/9/24,0.0,38,2021,0.0,7.0,0.0
2021/9/25,0.0,38,2021,0.0,7.0,0.0
2021/9/26,0.0,38,2021,0.0,7.0,0.0
2021/9/27,0.0,39,2021,0.0,7.0,0.0
2021/9/28,0.0,39,2021,0.0,7.0,0.0
2021/9/29,0.0,39,2021,0.0,7.0,0.0
2021/9/30,0.0,39,2021,0.0,7.0,0.0
2021/10/1,0.0,39,2021,0.0,7.0,0.0
2021/10/2,0.0,39,2021,0.0,7.0,0.0
2021/10/3,0.0,39,2021,0.0,7.0,0.0
2021/10/4,0.0,40,2021,0.0,7.0,0.0
2021/10/5,0.0,40,2021,0.0,7.0,0.0
2021/10/6,0.0,40,2021,0.0,7.0,0.0
2021/10/7,0.0,40,2021,0.0,7.0,0.0
2021/10/8,0.0,40,2021,0.0,7.0,0.0
2021/10/9,0.0,40,2021,0.0,7.0,0.0
2021/10/10,0.0,40,2021,0.0,7.0,0.0
2021/10/11,0.0,41,2021,3.0,4.0,13.0
2021/10/12,2.0,41,2021,3.0,4.0,13.0
2021/10/13,7.5,41,2021,3.0,4.0,13.0
2021/10/14,3.5,41,2021,3.0,4.0,13.0
2021/10/15,0.0,41,2021,3.0,4.0,13.0
2021/10/16,0.0,41,2021,3.0,4.0,13.0
2021/10/17,0.0,41,2021,3.0,4.0,13.0
2021/10/18,0.0,42,2021,0.0,7.0,0.0
2021/10/19,0.0,42,2021,0.0,7.0,0.0
2021/10/20,0.0,42,2021,0.0,7.0,0.0
2021/10/21,0.0,42,2021,0.0,7.0,0.0
2021/10/22,0.0,42,2021,0.0,7.0,0.0
2021/10/23,0.0,42,2021,0.0,7.0,0.0
2021/10/24,0.0,42,2021,0.0,7.0,0.0
2021/10/25,0.0,43,2021,0.0,7.0,0.0
2021/10/26,0.0,43,2021,0.0,7.0,0.0
2021/10/27,0.0,43,2021,0.0,7.0,0.0
2021/10/28,0.0,43,2021,0.0,7.0,0.0
2021/10/29,0.0,43,2021,0.0,7.0,0.0
2021/10/30,0.0,43,2021,0.0,7.0,0.0
2021/10/31,0.0,43,2021,0.0,7.0,0.0
2021/11/1,0.0,44,2021,0.0,7.0,0.0
2021/11/2,0.0,44,2021,0.0,7.0,0.0
2021/11/3,0.0,44,2021,0.0,7.0,0.0
2021/11/4,0.0,44,2021,0.0,7.0,0.0
2021/11/5,0.0,44,2021,0.0,7.0,0.0
2021/11/6,0.0,44,2021,0.0,7.0,0.0
2021/11/7,0.0,44,2021,0.0,7.0,0.0
2021/11/8,0.0,45,2021,1.0,6.0,5.5
2021/11/9,0.0,45,2021,1.0,6.0,5.5
2021/11/10,0.0,45,2021,1.0,6.0,5.5
2021/11/11,0.0,45,2021,1.0,6.0,5.5
2021/11/12,0.0,45,2021,1.0,6.0,5.5
2021/11/13,5.5,45,2021,1.0,6.0,5.5
2021/11/14,0.0,45,2021,1.0,6.0,5.5
2021/11/15,0.0,46,2021,1.0,6.0,0.5
2021/11/16,0.0,46,2021,1.0,6.0,0.5
2021/11/17,0.0,46,2021,1.0,6.0,0.5
2021/11/18,0.0,46,2021,1.0,6.0,0.5
2021/11/19,0.5,46,2021,1.0,6.0,0.5
2021/11/20,0.0,46,2021,1.0,6.0,0.5
2021/11/21,0.0,46,2021,1.0,6.0,0.5
2021/11/22,0.0,47,2021,3.0,4.0,2.0
2021/11/23,0.0,47,2021,3.0,4.0,2.0
2021/11/24,0.0,47,2021,3.0,4.0,2.0
2021/11/25,0.0,47,2021,3.0,4.0,2.0
2021/11/26,1.0,47,2021,3.0,4.0,2.0
2021/11/27,0.5,47,2021,3.0,4.0,2.0
2021/11/28,0.5,47,2021,3.0,4.0,2.0
2021/11/29,0.0,48,2021,0.0,7.0,0.0
2021/11/30,0.0,48,2021,0.0,7.0,0.0
2021/12/1,0.0,48,2021,0.0,7.0,0.0
2021/12/2,0.0,48,2021,0.0,7.0,0.0
2021/12/3,0.0,48,2021,0.0,7.0,0.0
2021/12/4,0.0,48,2021,0.0,7.0,0.0
2021/12/5,0.0,48,2021,0.0,7.0,0.0
2021/12/6,0.0,49,2021,0.0,7.0,0.0
2021/12/7,0.0,49,2021,0.0,7.0,0.0
2021/12/8,0.0,49,2021,0.0,7.0,0.0
2021/12/9,0.0,49,2021,0.0,7.0,0.0
2021/12/10,0.0,49,2021,0.0,7.0,0.0
2021/12/11,0.0,49,2021,0.0,7.0,0.0
2021/12/12,0.0,49,2021,0.0,7.0,0.0
2021/12/13,0.0,50,2021,0.0,7.0,0.0
2021/12/14,0.0,50,2021,0.0,7.0,0.0
2021/12/15,0.0,50,2021,0.0,7.0,0.0
2021/12/16,0.0,50,2021,0.0,7.0,0.0
2021/12/17,0.0,50,2021,0.0,7.0,0.0
2021/12/18,0.0,50,2021,0.0,7.0,0.0
2021/12/19,0.0,50,2021,0.0,7.0,0.0
2021/12/20,0.5,51,2021,4.0,3.0,31.5
2021/12/21,22.5,51,2021,4.0,3.0,31.5
2021/12/22,0.0,51,2021,4.0,3.0,31.5
2021/12/23,0.0,51,2021,4.0,3.0,31.5
2021/12/24,0.5,51,2021,4.0,3.0,31.5
2021/12/25,8.0,51,2021,4.0,3.0,31.5
2021/12/26,0.0,51,2021,4.0,3.0,31.5
2021/12/27,1.0,52,2021,1.0,4.0,1.0
2021/12/28,0.0,52,2021,1.0,4.0,1.0
2021/12/29,0.0,52,2021,1.0,4.0,1.0
2021/12/30,0.0,52,2021,1.0,4.0,1.0
2021/12/31,0.0,52,2021,1.0,4.0,1.0
