,日期,年,週,最高溫,最低溫,最大溫差,最大平均溫度差,異常溫差天數
0,2019-01-01,2019,1,22.6,14.2,8.4,7.27,2.0
1,2019-01-02,2019,1,20.8,16.1,4.7,7.27,2.0
2,2019-01-03,2019,1,22.6,16.9,5.7,7.27,2.0
3,2019-01-04,2019,1,26.0,17.4,8.6,7.27,2.0
4,2019-01-05,2019,1,27.6,17.5,10.1,7.27,2.0
5,2019-01-06,2019,1,23.4,17.3,6.1,7.27,2.0
6,2019-01-07,2019,2,25.3,16.6,8.7,7.5,1.0
7,2019-01-08,2019,2,24.7,18.5,6.2,7.5,1.0
8,2019-01-09,2019,2,24.7,17.6,7.1,7.5,1.0
9,2019-01-10,2019,2,24.7,18.2,6.5,7.5,1.0
10,2019-01-11,2019,2,27.1,18.7,8.4,7.5,1.0
11,2019-01-12,2019,2,25.9,17.4,8.5,7.5,1.0
12,2019-01-13,2019,2,24.0,16.9,7.1,7.5,1.0
13,2019-01-14,2019,3,24.1,16.6,7.5,6.24,1.0
14,2019-01-15,2019,3,24.0,17.2,6.8,6.24,1.0
15,2019-01-16,2019,3,18.4,15.8,2.6,6.24,1.0
16,2019-01-17,2019,3,18.6,14.2,4.4,6.24,1.0
17,2019-01-18,2019,3,23.4,13.7,9.7,6.24,1.0
18,2019-01-19,2019,3,22.2,14.9,7.3,6.24,1.0
19,2019-01-20,2019,3,22.5,17.1,5.4,6.24,1.0
20,2019-01-21,2019,4,18.8,14.2,4.6,8.4,3.0
21,2019-01-22,2019,4,16.8,11.4,5.4,8.4,3.0
22,2019-01-23,2019,4,21.2,10.4,10.8,8.4,3.0
23,2019-01-24,2019,4,23.1,11.9,11.2,8.4,3.0
24,2019-01-25,2019,4,23.6,12.4,11.2,8.4,3.0
25,2019-01-26,2019,4,20.3,12.1,8.2,8.4,3.0
26,2019-01-27,2019,4,20.9,13.5,7.4,8.4,3.0
27,2019-01-28,2019,5,23.2,11.7,11.5,10.94,6.0
28,2019-01-29,2019,5,23.6,12.6,11.0,10.94,6.0
29,2019-01-30,2019,5,25.4,14.5,10.9,10.94,6.0
30,2019-01-31,2019,5,28.9,16.6,12.3,10.94,6.0
31,2019-02-01,2019,5,19.5,14.5,5.0,10.94,6.0
32,2019-02-02,2019,5,24.9,13.8,11.1,10.94,6.0
33,2019-02-03,2019,5,30.6,15.8,14.8,10.94,6.0
34,2019-02-04,2019,6,24.7,17.9,6.8,8.33,3.0
35,2019-02-05,2019,6,24.0,17.1,6.9,8.33,3.0
36,2019-02-06,2019,6,26.0,17.1,8.9,8.33,3.0
37,2019-02-07,2019,6,29.7,16.9,12.8,8.33,3.0
38,2019-02-08,2019,6,24.0,17.6,6.4,8.33,3.0
39,2019-02-09,2019,6,23.6,16.5,7.1,8.33,3.0
40,2019-02-10,2019,6,25.0,15.6,9.4,8.33,3.0
41,2019-02-11,2019,7,23.1,15.9,7.2,8.8,3.0
42,2019-02-12,2019,7,25.5,14.9,10.6,8.8,3.0
43,2019-02-13,2019,7,26.1,18.1,8.0,8.8,3.0
44,2019-02-14,2019,7,26.6,18.3,8.3,8.8,3.0
45,2019-02-15,2019,7,27.2,17.5,9.7,8.8,3.0
46,2019-02-16,2019,7,26.9,17.3,9.6,8.8,3.0
47,2019-02-17,2019,7,24.3,16.1,8.2,8.8,3.0
48,2019-02-18,2019,8,25.6,17.0,8.6,6.69,2.0
49,2019-02-19,2019,8,26.2,17.6,8.6,6.69,2.0
50,2019-02-20,2019,8,28.4,19.9,8.5,6.69,2.0
51,2019-02-21,2019,8,25.2,18.3,6.9,6.69,2.0
52,2019-02-22,2019,8,23.5,16.9,6.6,6.69,2.0
53,2019-02-23,2019,8,20.5,15.8,4.7,6.69,2.0
54,2019-02-24,2019,8,18.3,15.4,2.9,6.69,2.0
55,2019-02-25,2019,9,24.5,15.6,8.9,8.06,3.0
56,2019-02-26,2019,9,25.7,16.1,9.6,8.06,3.0
57,2019-02-27,2019,9,25.5,17.3,8.2,8.06,3.0
58,2019-02-28,2019,9,25.2,18.7,6.5,8.06,3.0
59,2019-03-01,2019,9,25.9,17.6,8.3,8.06,3.0
60,2019-03-02,2019,9,25.2,19.0,6.2,8.06,3.0
61,2019-03-03,2019,9,26.3,17.6,8.7,8.06,3.0
62,2019-03-04,2019,10,24.8,16.0,8.8,7.56,2.0
63,2019-03-05,2019,10,25.0,16.5,8.5,7.56,2.0
64,2019-03-06,2019,10,28.0,17.4,10.6,7.56,2.0
65,2019-03-07,2019,10,17.8,12.5,5.3,7.56,2.0
66,2019-03-08,2019,10,19.5,12.0,7.5,7.56,2.0
67,2019-03-09,2019,10,21.2,16.2,5.0,7.56,2.0
68,2019-03-10,2019,10,23.9,16.7,7.2,7.56,2.0
69,2019-03-11,2019,11,19.2,16.7,2.5,6.24,1.0
70,2019-03-12,2019,11,25.4,16.3,9.1,6.24,1.0
71,2019-03-13,2019,11,25.8,18.6,7.2,6.24,1.0
72,2019-03-14,2019,11,26.0,17.6,8.4,6.24,1.0
73,2019-03-15,2019,11,20.2,16.5,3.7,6.24,1.0
74,2019-03-16,2019,11,23.9,17.0,6.9,6.24,1.0
75,2019-03-17,2019,11,25.0,19.1,5.9,6.24,1.0
76,2019-03-18,2019,12,26.2,18.3,7.9,7.16,2.0
77,2019-03-19,2019,12,28.3,18.9,9.4,7.16,2.0
78,2019-03-20,2019,12,28.6,20.1,8.5,7.16,2.0
79,2019-03-21,2019,12,30.8,21.2,9.6,7.16,2.0
80,2019-03-22,2019,12,27.2,19.1,8.1,7.16,2.0
81,2019-03-23,2019,12,19.4,16.2,3.2,7.16,2.0
82,2019-03-24,2019,12,18.2,14.8,3.4,7.16,2.0
83,2019-03-25,2019,13,21.7,16.9,4.8,8.31,4.0
84,2019-03-26,2019,13,27.0,17.1,9.9,8.31,4.0
85,2019-03-27,2019,13,28.5,20.0,8.5,8.31,4.0
86,2019-03-28,2019,13,29.2,20.1,9.1,8.31,4.0
87,2019-03-29,2019,13,27.8,18.7,9.1,8.31,4.0
88,2019-03-30,2019,13,26.9,19.3,7.6,8.31,4.0
89,2019-03-31,2019,13,27.9,18.7,9.2,8.31,4.0
90,2019-04-01,2019,14,18.5,16.8,1.7,6.76,0.0
91,2019-04-02,2019,14,25.6,17.2,8.4,6.76,0.0
92,2019-04-03,2019,14,25.8,19.0,6.8,6.76,0.0
93,2019-04-04,2019,14,25.9,18.9,7.0,6.76,0.0
94,2019-04-05,2019,14,26.6,19.7,6.9,6.76,0.0
95,2019-04-06,2019,14,27.5,19.4,8.1,6.76,0.0
96,2019-04-07,2019,14,28.8,20.4,8.4,6.76,0.0
97,2019-04-08,2019,15,29.7,20.6,9.1,8.19,3.0
98,2019-04-09,2019,15,31.2,21.1,10.1,8.19,3.0
99,2019-04-10,2019,15,29.4,23.1,6.3,8.19,3.0
100,2019-04-11,2019,15,30.3,20.6,9.7,8.19,3.0
101,2019-04-12,2019,15,25.7,19.0,6.7,8.19,3.0
102,2019-04-13,2019,15,27.2,19.6,7.6,8.19,3.0
103,2019-04-14,2019,15,29.0,21.2,7.8,8.19,3.0
104,2019-04-15,2019,16,25.2,19.8,5.4,6.79,0.0
105,2019-04-16,2019,16,21.9,19.4,2.5,6.79,0.0
106,2019-04-17,2019,16,28.4,19.9,8.5,6.79,0.0
107,2019-04-18,2019,16,28.4,21.1,7.3,6.79,0.0
108,2019-04-19,2019,16,29.0,20.8,8.2,6.79,0.0
109,2019-04-20,2019,16,29.9,21.5,8.4,6.79,0.0
110,2019-04-21,2019,16,29.7,22.5,7.2,6.79,0.0
111,2019-04-22,2019,17,30.6,23.2,7.4,7.19,1.0
112,2019-04-23,2019,17,30.7,24.3,6.4,7.19,1.0
113,2019-04-24,2019,17,30.2,24.1,6.1,7.19,1.0
114,2019-04-25,2019,17,30.8,23.3,7.5,7.19,1.0
115,2019-04-26,2019,17,31.7,23.0,8.7,7.19,1.0
116,2019-04-27,2019,17,30.3,23.3,7.0,7.19,1.0
117,2019-04-28,2019,17,29.9,22.7,7.2,7.19,1.0
118,2019-04-29,2019,18,31.8,23.9,7.9,5.94,0.0
119,2019-04-30,2019,18,31.1,24.4,6.7,5.94,0.0
120,2019-05-01,2019,18,25.6,20.5,5.1,5.94,0.0
121,2019-05-02,2019,18,23.5,19.4,4.1,5.94,0.0
122,2019-05-03,2019,18,25.3,19.2,6.1,5.94,0.0
123,2019-05-04,2019,18,27.8,21.7,6.1,5.94,0.0
124,2019-05-05,2019,18,26.7,21.1,5.6,5.94,0.0
125,2019-05-06,2019,19,22.7,18.9,3.8,5.8,0.0
126,2019-05-07,2019,19,21.9,18.9,3.0,5.8,0.0
127,2019-05-08,2019,19,25.0,19.2,5.8,5.8,0.0
128,2019-05-09,2019,19,26.4,21.2,5.2,5.8,0.0
129,2019-05-10,2019,19,28.0,21.8,6.2,5.8,0.0
130,2019-05-11,2019,19,30.2,21.7,8.5,5.8,0.0
131,2019-05-12,2019,19,31.3,23.2,8.1,5.8,0.0
132,2019-05-13,2019,20,31.0,24.3,6.7,5.86,1.0
133,2019-05-14,2019,20,33.3,24.5,8.8,5.86,1.0
134,2019-05-15,2019,20,32.3,25.3,7.0,5.86,1.0
135,2019-05-16,2019,20,31.1,25.1,6.0,5.86,1.0
136,2019-05-17,2019,20,30.2,27.1,3.1,5.86,1.0
137,2019-05-18,2019,20,29.2,24.6,4.6,5.86,1.0
138,2019-05-19,2019,20,30.6,25.8,4.8,5.86,1.0
139,2019-05-20,2019,21,30.6,22.6,8.0,6.36,0.0
140,2019-05-21,2019,21,25.9,21.4,4.5,6.36,0.0
141,2019-05-22,2019,21,28.0,21.6,6.4,6.36,0.0
142,2019-05-23,2019,21,27.0,21.5,5.5,6.36,0.0
143,2019-05-24,2019,21,29.6,23.7,5.9,6.36,0.0
144,2019-05-25,2019,21,30.3,24.6,5.7,6.36,0.0
145,2019-05-26,2019,21,32.2,23.7,8.5,6.36,0.0
146,2019-05-27,2019,22,28.7,25.7,3.0,6.66,1.0
147,2019-05-28,2019,22,29.7,23.0,6.7,6.66,1.0
148,2019-05-29,2019,22,28.2,22.1,6.1,6.66,1.0
149,2019-05-30,2019,22,30.9,21.6,9.3,6.66,1.0
150,2019-05-31,2019,22,31.4,24.3,7.1,6.66,1.0
151,2019-06-01,2019,22,31.5,24.5,7.0,6.66,1.0
152,2019-06-02,2019,22,32.7,25.3,7.4,6.66,1.0
153,2019-06-03,2019,23,31.3,24.7,6.6,7.66,2.0
154,2019-06-04,2019,23,30.0,23.4,6.6,7.66,2.0
155,2019-06-05,2019,23,33.1,23.2,9.9,7.66,2.0
156,2019-06-06,2019,23,33.5,24.9,8.6,7.66,2.0
157,2019-06-07,2019,23,33.7,25.2,8.5,7.66,2.0
158,2019-06-08,2019,23,31.6,25.1,6.5,7.66,2.0
159,2019-06-09,2019,23,33.1,26.2,6.9,7.66,2.0
160,2019-06-10,2019,24,32.5,25.1,7.4,6.24,1.0
161,2019-06-11,2019,24,28.1,24.1,4.0,6.24,1.0
162,2019-06-12,2019,24,25.6,23.3,2.3,6.24,1.0
163,2019-06-13,2019,24,32.0,24.4,7.6,6.24,1.0
164,2019-06-14,2019,24,28.2,23.1,5.1,6.24,1.0
165,2019-06-15,2019,24,31.9,23.0,8.9,6.24,1.0
166,2019-06-16,2019,24,32.1,23.7,8.4,6.24,1.0
167,2019-06-17,2019,25,32.6,24.7,7.9,7.59,1.0
168,2019-06-18,2019,25,33.9,25.0,8.9,7.59,1.0
169,2019-06-19,2019,25,33.3,25.7,7.6,7.59,1.0
170,2019-06-20,2019,25,33.3,26.0,7.3,7.59,1.0
171,2019-06-21,2019,25,33.6,26.4,7.2,7.59,1.0
172,2019-06-22,2019,25,33.8,27.1,6.7,7.59,1.0
173,2019-06-23,2019,25,32.0,24.5,7.5,7.59,1.0
174,2019-06-24,2019,26,28.4,23.8,4.6,5.77,0.0
175,2019-06-25,2019,26,30.1,25.0,5.1,5.77,0.0
176,2019-06-26,2019,26,28.8,24.8,4.0,5.77,0.0
177,2019-06-27,2019,26,31.0,25.2,5.8,5.77,0.0
178,2019-06-28,2019,26,33.6,25.5,8.1,5.77,0.0
179,2019-06-29,2019,26,32.4,26.7,5.7,5.77,0.0
180,2019-06-30,2019,26,33.2,26.1,7.1,5.77,0.0
181,2019-07-01,2019,27,33.0,25.9,7.1,6.51,0.0
182,2019-07-02,2019,27,31.8,25.0,6.8,6.51,0.0
183,2019-07-03,2019,27,29.4,24.9,4.5,6.51,0.0
184,2019-07-04,2019,27,33.6,25.1,8.5,6.51,0.0
185,2019-07-05,2019,27,31.8,25.6,6.2,6.51,0.0
186,2019-07-06,2019,27,31.5,26.1,5.4,6.51,0.0
187,2019-07-07,2019,27,33.3,26.2,7.1,6.51,0.0
188,2019-07-08,2019,28,33.6,26.9,6.7,6.64,0.0
189,2019-07-09,2019,28,31.3,26.2,5.1,6.64,0.0
190,2019-07-10,2019,28,32.0,25.1,6.9,6.64,0.0
191,2019-07-11,2019,28,32.6,25.5,7.1,6.64,0.0
192,2019-07-12,2019,28,32.8,25.7,7.1,6.64,0.0
193,2019-07-13,2019,28,33.7,26.9,6.8,6.64,0.0
194,2019-07-14,2019,28,32.9,26.1,6.8,6.64,0.0
195,2019-07-15,2019,29,34.6,26.8,7.8,6.59,1.0
196,2019-07-16,2019,29,33.4,27.9,5.5,6.59,1.0
197,2019-07-17,2019,29,35.5,26.8,8.7,6.59,1.0
198,2019-07-18,2019,29,31.9,26.2,5.7,6.59,1.0
199,2019-07-19,2019,29,31.4,25.0,6.4,6.59,1.0
200,2019-07-20,2019,29,30.5,24.6,5.9,6.59,1.0
201,2019-07-21,2019,29,31.5,25.4,6.1,6.59,1.0
202,2019-07-22,2019,30,30.8,25.5,5.3,7.26,1.0
203,2019-07-23,2019,30,33.1,24.5,8.6,7.26,1.0
204,2019-07-24,2019,30,32.3,25.1,7.2,7.26,1.0
205,2019-07-25,2019,30,32.9,25.6,7.3,7.26,1.0
206,2019-07-26,2019,30,33.6,26.3,7.3,7.26,1.0
207,2019-07-27,2019,30,32.6,25.1,7.5,7.26,1.0
208,2019-07-28,2019,30,32.0,24.4,7.6,7.26,1.0
209,2019-07-29,2019,31,33.8,25.1,8.7,8.27,3.0
210,2019-07-30,2019,31,34.1,26.2,7.9,8.27,3.0
211,2019-07-31,2019,31,34.2,24.0,10.2,8.27,3.0
212,2019-08-01,2019,31,32.2,24.0,8.2,8.27,3.0
213,2019-08-02,2019,31,31.4,24.4,7.0,8.27,3.0
214,2019-08-03,2019,31,32.8,24.2,8.6,8.27,3.0
215,2019-08-04,2019,31,33.3,26.0,7.3,8.27,3.0
216,2019-08-05,2019,32,33.3,26.4,6.9,5.04,0.0
217,2019-08-06,2019,32,33.3,27.2,6.1,5.04,0.0
218,2019-08-07,2019,32,33.2,26.5,6.7,5.04,0.0
219,2019-08-08,2019,32,32.8,26.9,5.9,5.04,0.0
220,2019-08-09,2019,32,30.3,25.8,4.5,5.04,0.0
221,2019-08-10,2019,32,31.0,28.9,2.1,5.04,0.0
222,2019-08-11,2019,32,30.5,27.4,3.1,5.04,0.0
223,2019-08-12,2019,33,29.5,25.4,4.1,5.97,0.0
224,2019-08-13,2019,33,29.3,23.5,5.8,5.97,0.0
225,2019-08-14,2019,33,33.5,26.1,7.4,5.97,0.0
226,2019-08-15,2019,33,30.9,24.4,6.5,5.97,0.0
227,2019-08-16,2019,33,29.2,24.6,4.6,5.97,0.0
228,2019-08-17,2019,33,31.1,24.0,7.1,5.97,0.0
229,2019-08-18,2019,33,30.5,24.2,6.3,5.97,0.0
230,2019-08-19,2019,34,29.8,24.8,5.0,5.91,0.0
231,2019-08-20,2019,34,29.7,25.2,4.5,5.91,0.0
232,2019-08-21,2019,34,30.0,24.4,5.6,5.91,0.0
233,2019-08-22,2019,34,33.0,25.7,7.3,5.91,0.0
234,2019-08-23,2019,34,32.1,25.9,6.2,5.91,0.0
235,2019-08-24,2019,34,32.9,26.2,6.7,5.91,0.0
236,2019-08-25,2019,34,31.3,25.2,6.1,5.91,0.0
237,2019-08-26,2019,35,32.2,25.1,7.1,7.41,2.0
238,2019-08-27,2019,35,31.4,25.7,5.7,7.41,2.0
239,2019-08-28,2019,35,34.3,26.6,7.7,7.41,2.0
240,2019-08-29,2019,35,32.4,26.9,5.5,7.41,2.0
241,2019-08-30,2019,35,31.4,23.9,7.5,7.41,2.0
242,2019-08-31,2019,35,33.2,23.9,9.3,7.41,2.0
243,2019-09-01,2019,35,33.9,24.8,9.1,7.41,2.0
244,2019-09-02,2019,36,33.4,24.3,9.1,7.2,2.0
245,2019-09-03,2019,36,31.8,25.7,6.1,7.2,2.0
246,2019-09-04,2019,36,29.3,23.9,5.4,7.2,2.0
247,2019-09-05,2019,36,30.6,24.5,6.1,7.2,2.0
248,2019-09-06,2019,36,31.4,24.9,6.5,7.2,2.0
249,2019-09-07,2019,36,31.7,24.9,6.8,7.2,2.0
250,2019-09-08,2019,36,32.8,22.4,10.4,7.2,2.0
251,2019-09-09,2019,37,32.9,25.0,7.9,6.79,1.0
252,2019-09-10,2019,37,31.3,26.0,5.3,6.79,1.0
253,2019-09-11,2019,37,33.3,24.7,8.6,6.79,1.0
254,2019-09-12,2019,37,32.2,25.8,6.4,6.79,1.0
255,2019-09-13,2019,37,32.3,25.8,6.5,6.79,1.0
256,2019-09-14,2019,37,32.7,26.4,6.3,6.79,1.0
257,2019-09-15,2019,37,32.1,25.6,6.5,6.79,1.0
258,2019-09-16,2019,38,32.1,24.9,7.2,6.34,0.0
259,2019-09-17,2019,38,31.5,24.9,6.6,6.34,0.0
260,2019-09-18,2019,38,31.5,24.1,7.4,6.34,0.0
261,2019-09-19,2019,38,31.2,23.4,7.8,6.34,0.0
262,2019-09-20,2019,38,27.1,22.8,4.3,6.34,0.0
263,2019-09-21,2019,38,26.7,22.6,4.1,6.34,0.0
264,2019-09-22,2019,38,29.9,22.9,7.0,6.34,0.0
265,2019-09-23,2019,39,30.6,22.6,8.0,8.2,2.0
266,2019-09-24,2019,39,30.8,21.6,9.2,8.2,2.0
267,2019-09-25,2019,39,30.6,22.2,8.4,8.2,2.0
268,2019-09-26,2019,39,31.6,21.9,9.7,8.2,2.0
269,2019-09-27,2019,39,30.7,23.1,7.6,8.2,2.0
270,2019-09-28,2019,39,30.7,24.3,6.4,8.2,2.0
271,2019-09-29,2019,39,32.2,24.1,8.1,8.2,2.0
272,2019-09-30,2019,40,29.1,24.5,4.6,7.21,1.0
273,2019-10-01,2019,40,31.0,23.3,7.7,7.21,1.0
274,2019-10-02,2019,40,33.1,23.8,9.3,7.21,1.0
275,2019-10-03,2019,40,33.1,24.9,8.2,7.21,1.0
276,2019-10-04,2019,40,31.4,24.2,7.2,7.21,1.0
277,2019-10-05,2019,40,31.8,25.0,6.8,7.21,1.0
278,2019-10-06,2019,40,31.1,24.4,6.7,7.21,1.0
279,2019-10-07,2019,41,32.5,24.4,8.1,6.81,0.0
280,2019-10-08,2019,41,31.1,25.2,5.9,6.81,0.0
281,2019-10-09,2019,41,31.1,25.4,5.7,6.81,0.0
282,2019-10-10,2019,41,31.2,23.8,7.4,6.81,0.0
283,2019-10-11,2019,41,30.2,22.9,7.3,6.81,0.0
284,2019-10-12,2019,41,30.7,23.8,6.9,6.81,0.0
285,2019-10-13,2019,41,30.1,23.7,6.4,6.81,0.0
286,2019-10-14,2019,42,29.7,23.0,6.7,7.99,1.0
287,2019-10-15,2019,42,29.6,21.6,8.0,7.99,1.0
288,2019-10-16,2019,42,29.0,20.6,8.4,7.99,1.0
289,2019-10-17,2019,42,29.4,22.3,7.1,7.99,1.0
290,2019-10-18,2019,42,30.5,20.4,10.1,7.99,1.0
291,2019-10-19,2019,42,28.0,20.1,7.9,7.99,1.0
292,2019-10-20,2019,42,28.3,20.6,7.7,7.99,1.0
293,2019-10-21,2019,43,27.5,20.7,6.8,8.59,3.0
294,2019-10-22,2019,43,30.0,19.5,10.5,8.59,3.0
295,2019-10-23,2019,43,29.1,21.0,8.1,8.59,3.0
296,2019-10-24,2019,43,30.0,20.9,9.1,8.59,3.0
297,2019-10-25,2019,43,29.3,20.8,8.5,8.59,3.0
298,2019-10-26,2019,43,29.3,20.4,8.9,8.59,3.0
299,2019-10-27,2019,43,29.4,21.2,8.2,8.59,3.0
300,2019-10-28,2019,44,28.9,21.0,7.9,7.14,0.0
301,2019-10-29,2019,44,25.4,20.7,4.7,7.14,0.0
302,2019-10-30,2019,44,29.4,21.3,8.1,7.14,0.0
303,2019-10-31,2019,44,29.1,21.4,7.7,7.14,0.0
304,2019-11-01,2019,44,29.8,22.7,7.1,7.14,0.0
305,2019-11-02,2019,44,29.9,22.0,7.9,7.14,0.0
306,2019-11-03,2019,44,28.6,22.0,6.6,7.14,0.0
307,2019-11-04,2019,45,27.1,21.2,5.9,8.53,4.0
308,2019-11-05,2019,45,27.8,20.5,7.3,8.53,4.0
309,2019-11-06,2019,45,27.9,19.6,8.3,8.53,4.0
310,2019-11-07,2019,45,28.7,19.2,9.5,8.53,4.0
311,2019-11-08,2019,45,27.9,18.6,9.3,8.53,4.0
312,2019-11-09,2019,45,27.7,18.0,9.7,8.53,4.0
313,2019-11-10,2019,45,26.7,17.0,9.7,8.53,4.0
314,2019-11-11,2019,46,27.5,18.4,9.1,9.39,5.0
315,2019-11-12,2019,46,28.1,17.5,10.6,9.39,5.0
316,2019-11-13,2019,46,26.8,18.0,8.8,9.39,5.0
317,2019-11-14,2019,46,26.1,18.7,7.4,9.39,5.0
318,2019-11-15,2019,46,27.5,17.5,10.0,9.39,5.0
319,2019-11-16,2019,46,26.5,18.3,8.2,9.39,5.0
320,2019-11-17,2019,46,29.5,17.9,11.6,9.39,5.0
321,2019-11-18,2019,47,28.1,19.3,8.8,7.67,3.0
322,2019-11-19,2019,47,22.1,18.8,3.3,7.67,3.0
323,2019-11-20,2019,47,25.4,18.7,6.7,7.67,3.0
324,2019-11-21,2019,47,27.9,17.2,10.7,7.67,3.0
325,2019-11-22,2019,47,28.2,20.6,7.6,7.67,3.0
326,2019-11-23,2019,47,27.3,19.4,7.9,7.67,3.0
327,2019-11-24,2019,47,28.8,20.1,8.7,7.67,3.0
328,2019-11-25,2019,48,28.5,19.4,9.1,8.77,4.0
329,2019-11-26,2019,48,27.5,19.2,8.3,8.77,4.0
330,2019-11-27,2019,48,29.3,18.3,11.0,8.77,4.0
331,2019-11-28,2019,48,24.4,17.1,7.3,8.77,4.0
332,2019-11-29,2019,48,24.8,17.1,7.7,8.77,4.0
333,2019-11-30,2019,48,25.4,16.6,8.8,8.77,4.0
334,2019-12-01,2019,48,27.7,18.5,9.2,8.77,4.0
335,2019-12-02,2019,49,21.3,13.3,8.0,6.47,2.0
336,2019-12-03,2019,49,22.4,12.2,10.2,6.47,2.0
337,2019-12-04,2019,49,21.5,14.0,7.5,6.47,2.0
338,2019-12-05,2019,49,15.8,14.1,1.7,6.47,2.0
339,2019-12-06,2019,49,16.0,14.1,1.9,6.47,2.0
340,2019-12-07,2019,49,18.4,12.7,5.7,6.47,2.0
341,2019-12-08,2019,49,22.4,12.1,10.3,6.47,2.0
342,2019-12-09,2019,50,21.6,12.4,9.2,10.01,6.0
343,2019-12-10,2019,50,24.4,14.7,9.7,10.01,6.0
344,2019-12-11,2019,50,23.3,14.9,8.4,10.01,6.0
345,2019-12-12,2019,50,24.3,13.5,10.8,10.01,6.0
346,2019-12-13,2019,50,23.7,13.9,9.8,10.01,6.0
347,2019-12-14,2019,50,26.6,14.1,12.5,10.01,6.0
348,2019-12-15,2019,50,26.5,16.8,9.7,10.01,6.0
349,2019-12-16,2019,51,27.1,15.7,11.4,8.23,3.0
350,2019-12-17,2019,51,28.0,17.2,10.8,8.23,3.0
351,2019-12-18,2019,51,26.9,18.4,8.5,8.23,3.0
352,2019-12-19,2019,51,23.2,17.2,6.0,8.23,3.0
353,2019-12-20,2019,51,22.1,16.3,5.8,8.23,3.0
354,2019-12-21,2019,51,23.3,17.3,6.0,8.23,3.0
355,2019-12-22,2019,51,26.3,17.2,9.1,8.23,3.0
356,2019-12-23,2019,52,24.7,17.0,7.7,6.96,2.0
357,2019-12-24,2019,52,24.5,16.5,8.0,6.96,2.0
358,2019-12-25,2019,52,27.4,16.9,10.5,6.96,2.0
359,2019-12-26,2019,52,26.9,16.9,10.0,6.96,2.0
360,2019-12-27,2019,52,20.9,15.4,5.5,6.96,2.0
361,2019-12-28,2019,52,22.2,15.8,6.4,6.96,2.0
362,2019-12-29,2019,52,18.3,17.7,0.6,6.96,2.0
363,2019-12-30,2020,1,22.1,17.8,4.3,7.27,2.0
364,2019-12-31,2020,1,21.6,15.4,6.2,7.27,2.0
365,2020-01-01,2020,1,21.2,14.9,6.3,7.27,2.0
366,2020-01-02,2020,1,23.3,13.1,10.2,7.27,2.0
367,2020-01-03,2020,1,23.5,15.2,8.3,7.27,2.0
368,2020-01-04,2020,1,22.7,16.3,6.4,7.27,2.0
369,2020-01-05,2020,1,23.9,16.3,7.6,7.27,2.0
370,2020-01-06,2020,2,23.2,17.3,5.9,7.5,1.0
371,2020-01-07,2020,2,25.7,16.7,9.0,7.5,1.0
372,2020-01-08,2020,2,24.3,15.0,9.3,7.5,1.0
373,2020-01-09,2020,2,24.3,14.1,10.2,7.5,1.0
374,2020-01-10,2020,2,24.1,14.6,9.5,7.5,1.0
375,2020-01-11,2020,2,22.6,15.8,6.8,7.5,1.0
376,2020-01-12,2020,2,17.0,14.0,3.0,7.5,1.0
377,2020-01-13,2020,3,20.4,13.8,6.6,6.24,1.0
378,2020-01-14,2020,3,25.2,14.2,11.0,6.24,1.0
379,2020-01-15,2020,3,22.3,12.9,9.4,6.24,1.0
380,2020-01-16,2020,3,24.1,14.4,9.7,6.24,1.0
381,2020-01-17,2020,3,20.9,13.3,7.6,6.24,1.0
382,2020-01-18,2020,3,20.4,12.5,7.9,6.24,1.0
383,2020-01-19,2020,3,21.3,13.7,7.6,6.24,1.0
384,2020-01-20,2020,4,24.8,12.6,12.2,8.4,3.0
385,2020-01-21,2020,4,24.1,11.3,12.8,8.4,3.0
386,2020-01-22,2020,4,26.7,14.9,11.8,8.4,3.0
387,2020-01-23,2020,4,28.2,18.1,10.1,8.4,3.0
388,2020-01-24,2020,4,26.2,18.2,8.0,8.4,3.0
389,2020-01-25,2020,4,25.4,17.5,7.9,8.4,3.0
390,2020-01-26,2020,4,21.6,15.4,6.2,8.4,3.0
391,2020-01-27,2020,5,20.6,13.9,6.7,10.94,6.0
392,2020-01-28,2020,5,16.8,13.2,3.6,10.94,6.0
393,2020-01-29,2020,5,16.1,10.9,5.2,10.94,6.0
394,2020-01-30,2020,5,16.4,7.5,8.9,10.94,6.0
395,2020-01-31,2020,5,19.8,6.8,13.0,10.94,6.0
396,2020-02-01,2020,5,20.6,9.3,11.3,10.94,6.0
397,2020-02-02,2020,5,22.4,10.1,12.3,10.94,6.0
398,2020-02-03,2020,6,22.3,13.5,8.8,8.33,3.0
399,2020-02-04,2020,6,19.3,14.1,5.2,8.33,3.0
400,2020-02-05,2020,6,22.0,14.1,7.9,8.33,3.0
401,2020-02-06,2020,6,23.1,12.8,10.3,8.33,3.0
402,2020-02-07,2020,6,23.2,15.1,8.1,8.33,3.0
403,2020-02-08,2020,6,21.2,14.1,7.1,8.33,3.0
404,2020-02-09,2020,6,19.1,13.7,5.4,8.33,3.0
405,2020-02-10,2020,7,23.5,12.2,11.3,8.8,3.0
406,2020-02-11,2020,7,21.5,15.7,5.8,8.8,3.0
407,2020-02-12,2020,7,27.5,16.4,11.1,8.8,3.0
408,2020-02-13,2020,7,26.9,18.7,8.2,8.8,3.0
409,2020-02-14,2020,7,27.4,19.1,8.3,8.8,3.0
410,2020-02-15,2020,7,28.9,19.2,9.7,8.8,3.0
411,2020-02-16,2020,7,22.4,11.8,10.6,8.8,3.0
412,2020-02-17,2020,8,16.6,10.5,6.1,6.69,2.0
413,2020-02-18,2020,8,19.9,10.6,9.3,6.69,2.0
414,2020-02-19,2020,8,20.6,10.4,10.2,6.69,2.0
415,2020-02-20,2020,8,22.0,13.1,8.9,6.69,2.0
416,2020-02-21,2020,8,21.8,14.8,7.0,6.69,2.0
417,2020-02-22,2020,8,23.3,14.0,9.3,6.69,2.0
418,2020-02-23,2020,8,25.1,15.8,9.3,6.69,2.0
419,2020-02-24,2020,9,25.5,16.0,9.5,8.06,3.0
420,2020-02-25,2020,9,28.0,17.2,10.8,8.06,3.0
421,2020-02-26,2020,9,27.5,19.7,7.8,8.06,3.0
422,2020-02-27,2020,9,25.2,18.4,6.8,8.06,3.0
423,2020-02-28,2020,9,25.2,17.9,7.3,8.06,3.0
424,2020-02-29,2020,9,27.7,18.4,9.3,8.06,3.0
425,2020-03-01,2020,9,26.7,19.4,7.3,8.06,3.0
426,2020-03-02,2020,10,21.3,17.5,3.8,7.56,2.0
427,2020-03-03,2020,10,25.7,16.0,9.7,7.56,2.0
428,2020-03-04,2020,10,24.0,15.9,8.1,7.56,2.0
429,2020-03-05,2020,10,19.1,14.2,4.9,7.56,2.0
430,2020-03-06,2020,10,23.3,14.1,9.2,7.56,2.0
431,2020-03-07,2020,10,27.4,18.1,9.3,7.56,2.0
432,2020-03-08,2020,10,24.9,19.5,5.4,7.56,2.0
433,2020-03-09,2020,11,30.5,20.0,10.5,6.24,1.0
434,2020-03-10,2020,11,24.0,17.1,6.9,6.24,1.0
435,2020-03-11,2020,11,22.1,15.7,6.4,6.24,1.0
436,2020-03-12,2020,11,21.8,18.0,3.8,6.24,1.0
437,2020-03-13,2020,11,24.1,18.8,5.3,6.24,1.0
438,2020-03-14,2020,11,20.7,15.4,5.3,6.24,1.0
439,2020-03-15,2020,11,22.2,14.2,8.0,6.24,1.0
440,2020-03-16,2020,12,24.7,15.8,8.9,7.16,2.0
441,2020-03-17,2020,12,26.3,17.3,9.0,7.16,2.0
442,2020-03-18,2020,12,25.0,18.0,7.0,7.16,2.0
443,2020-03-19,2020,12,26.1,19.5,6.6,7.16,2.0
444,2020-03-20,2020,12,27.0,20.0,7.0,7.16,2.0
445,2020-03-21,2020,12,28.3,19.8,8.5,7.16,2.0
446,2020-03-22,2020,12,28.6,21.0,7.6,7.16,2.0
447,2020-03-23,2020,13,27.5,20.8,6.7,8.31,4.0
448,2020-03-24,2020,13,26.9,20.0,6.9,8.31,4.0
449,2020-03-25,2020,13,27.8,20.7,7.1,8.31,4.0
450,2020-03-26,2020,13,31.6,21.2,10.4,8.31,4.0
451,2020-03-27,2020,13,31.1,21.9,9.2,8.31,4.0
452,2020-03-28,2020,13,25.6,16.1,9.5,8.31,4.0
453,2020-03-29,2020,13,24.8,15.1,9.7,8.31,4.0
454,2020-03-30,2020,14,24.5,19.5,5.0,6.76,0.0
455,2020-03-31,2020,14,27.6,19.0,8.6,6.76,0.0
456,2020-04-01,2020,14,25.7,18.2,7.5,6.76,0.0
457,2020-04-02,2020,14,22.8,17.4,5.4,6.76,0.0
458,2020-04-03,2020,14,26.5,18.6,7.9,6.76,0.0
459,2020-04-04,2020,14,24.3,17.6,6.7,6.76,0.0
460,2020-04-05,2020,14,21.4,15.7,5.7,6.76,0.0
461,2020-04-06,2020,15,20.7,15.5,5.2,8.19,3.0
462,2020-04-07,2020,15,23.4,16.0,7.4,8.19,3.0
463,2020-04-08,2020,15,24.8,15.0,9.8,8.19,3.0
464,2020-04-09,2020,15,26.3,18.0,8.3,8.19,3.0
465,2020-04-10,2020,15,27.6,18.3,9.3,8.19,3.0
466,2020-04-11,2020,15,27.3,19.3,8.0,8.19,3.0
467,2020-04-12,2020,15,21.5,14.6,6.9,8.19,3.0
468,2020-04-13,2020,16,22.7,11.8,10.9,6.79,0.0
469,2020-04-14,2020,16,23.7,14.1,9.6,6.79,0.0
470,2020-04-15,2020,16,26.1,18.2,7.9,6.79,0.0
471,2020-04-16,2020,16,28.0,15.3,12.7,6.79,0.0
472,2020-04-17,2020,16,28.1,17.9,10.2,6.79,0.0
473,2020-04-18,2020,16,30.2,20.8,9.4,6.79,0.0
474,2020-04-19,2020,16,31.9,23.5,8.4,6.79,0.0
475,2020-04-20,2020,17,29.5,23.1,6.4,7.19,1.0
476,2020-04-21,2020,17,28.3,21.5,6.8,7.19,1.0
477,2020-04-22,2020,17,25.9,20.1,5.8,7.19,1.0
478,2020-04-23,2020,17,23.0,17.1,5.9,7.19,1.0
479,2020-04-24,2020,17,20.2,16.8,3.4,7.19,1.0
480,2020-04-25,2020,17,26.4,18.1,8.3,7.19,1.0
481,2020-04-26,2020,17,26.1,20.3,5.8,7.19,1.0
482,2020-04-27,2020,18,27.6,20.2,7.4,5.94,0.0
483,2020-04-28,2020,18,29.2,20.6,8.6,5.94,0.0
484,2020-04-29,2020,18,28.7,20.6,8.1,5.94,0.0
485,2020-04-30,2020,18,30.2,20.0,10.2,5.94,0.0
486,2020-05-01,2020,18,30.7,22.2,8.5,5.94,0.0
487,2020-05-02,2020,18,30.9,23.1,7.8,5.94,0.0
488,2020-05-03,2020,18,30.6,24.8,5.8,5.94,0.0
489,2020-05-04,2020,19,31.8,24.8,7.0,5.8,0.0
490,2020-05-05,2020,19,32.8,24.9,7.9,5.8,0.0
491,2020-05-06,2020,19,31.7,25.3,6.4,5.8,0.0
492,2020-05-07,2020,19,32.2,25.9,6.3,5.8,0.0
493,2020-05-08,2020,19,33.7,25.5,8.2,5.8,0.0
494,2020-05-09,2020,19,32.6,25.6,7.0,5.8,0.0
495,2020-05-10,2020,19,33.6,26.0,7.6,5.8,0.0
496,2020-05-11,2020,20,31.8,25.9,5.9,5.86,1.0
497,2020-05-12,2020,20,27.7,24.3,3.4,5.86,1.0
498,2020-05-13,2020,20,31.8,23.4,8.4,5.86,1.0
499,2020-05-14,2020,20,31.3,24.2,7.1,5.86,1.0
500,2020-05-15,2020,20,32.3,24.2,8.1,5.86,1.0
501,2020-05-16,2020,20,32.5,22.7,9.8,5.86,1.0
502,2020-05-17,2020,20,31.8,23.1,8.7,5.86,1.0
503,2020-05-18,2020,21,30.4,24.5,5.9,6.36,0.0
504,2020-05-19,2020,21,26.1,22.4,3.7,6.36,0.0
505,2020-05-20,2020,21,28.7,22.3,6.4,6.36,0.0
506,2020-05-21,2020,21,28.8,23.2,5.6,6.36,0.0
507,2020-05-22,2020,21,27.1,23.7,3.4,6.36,0.0
508,2020-05-23,2020,21,26.8,23.5,3.3,6.36,0.0
509,2020-05-24,2020,21,30.8,24.0,6.8,6.36,0.0
510,2020-05-25,2020,22,31.0,25.1,5.9,6.66,1.0
511,2020-05-26,2020,22,30.7,24.2,6.5,6.66,1.0
512,2020-05-27,2020,22,29.3,24.0,5.3,6.66,1.0
513,2020-05-28,2020,22,30.8,23.8,7.0,6.66,1.0
514,2020-05-29,2020,22,30.4,23.1,7.3,6.66,1.0
515,2020-05-30,2020,22,30.6,23.6,7.0,6.66,1.0
516,2020-05-31,2020,22,32.2,25.4,6.8,6.66,1.0
517,2020-06-01,2020,23,32.6,25.6,7.0,7.66,2.0
518,2020-06-02,2020,23,32.8,26.0,6.8,7.66,2.0
519,2020-06-03,2020,23,32.6,25.0,7.6,7.66,2.0
520,2020-06-04,2020,23,33.1,25.8,7.3,7.66,2.0
521,2020-06-05,2020,23,33.0,25.7,7.3,7.66,2.0
522,2020-06-06,2020,23,32.5,25.6,6.9,7.66,2.0
523,2020-06-07,2020,23,31.8,24.1,7.7,7.66,2.0
524,2020-06-08,2020,24,29.6,23.5,6.1,6.24,1.0
525,2020-06-09,2020,24,30.6,23.6,7.0,6.24,1.0
526,2020-06-10,2020,24,32.6,24.1,8.5,6.24,1.0
527,2020-06-11,2020,24,32.2,25.4,6.8,6.24,1.0
528,2020-06-12,2020,24,32.1,26.4,5.7,6.24,1.0
529,2020-06-13,2020,24,32.8,26.3,6.5,6.24,1.0
530,2020-06-14,2020,24,33.3,25.9,7.4,6.24,1.0
531,2020-06-15,2020,25,33.4,24.6,8.8,7.59,1.0
532,2020-06-16,2020,25,33.2,25.6,7.6,7.59,1.0
533,2020-06-17,2020,25,33.1,25.2,7.9,7.59,1.0
534,2020-06-18,2020,25,33.8,25.6,8.2,7.59,1.0
535,2020-06-19,2020,25,33.4,25.5,7.9,7.59,1.0
536,2020-06-20,2020,25,33.2,25.7,7.5,7.59,1.0
537,2020-06-21,2020,25,32.7,25.7,7.0,7.59,1.0
538,2020-06-22,2020,26,33.4,25.0,8.4,5.77,0.0
539,2020-06-23,2020,26,33.5,26.0,7.5,5.77,0.0
540,2020-06-24,2020,26,33.5,26.3,7.2,5.77,0.0
541,2020-06-25,2020,26,33.8,26.2,7.6,5.77,0.0
542,2020-06-26,2020,26,34.5,26.9,7.6,5.77,0.0
543,2020-06-27,2020,26,34.0,25.2,8.8,5.77,0.0
544,2020-06-28,2020,26,34.6,25.3,9.3,5.77,0.0
545,2020-06-29,2020,27,34.0,26.7,7.3,6.51,0.0
546,2020-06-30,2020,27,33.6,27.3,6.3,6.51,0.0
547,2020-07-01,2020,27,32.6,27.2,5.4,6.51,0.0
548,2020-07-02,2020,27,34.1,26.4,7.7,6.51,0.0
549,2020-07-03,2020,27,34.3,25.4,8.9,6.51,0.0
550,2020-07-04,2020,27,33.2,25.9,7.3,6.51,0.0
551,2020-07-05,2020,27,33.2,26.2,7.0,6.51,0.0
552,2020-07-06,2020,28,32.8,25.7,7.1,6.64,0.0
553,2020-07-07,2020,28,33.8,28.3,5.5,6.64,0.0
554,2020-07-08,2020,28,34.0,26.8,7.2,6.64,0.0
555,2020-07-09,2020,28,33.9,27.8,6.1,6.64,0.0
556,2020-07-10,2020,28,33.8,26.9,6.9,6.64,0.0
557,2020-07-11,2020,28,34.5,26.6,7.9,6.64,0.0
558,2020-07-12,2020,28,36.0,25.9,10.1,6.64,0.0
559,2020-07-13,2020,29,35.5,27.7,7.8,6.59,1.0
560,2020-07-14,2020,29,35.5,28.2,7.3,6.59,1.0
561,2020-07-15,2020,29,31.1,27.6,3.5,6.59,1.0
562,2020-07-16,2020,29,30.5,24.9,5.6,6.59,1.0
563,2020-07-17,2020,29,33.5,25.0,8.5,6.59,1.0
564,2020-07-18,2020,29,34.4,26.8,7.6,6.59,1.0
565,2020-07-19,2020,29,34.3,26.9,7.4,6.59,1.0
566,2020-07-20,2020,30,35.0,23.9,11.1,7.26,1.0
567,2020-07-21,2020,30,33.8,24.2,9.6,7.26,1.0
568,2020-07-22,2020,30,33.5,26.2,7.3,7.26,1.0
569,2020-07-23,2020,30,33.8,25.3,8.5,7.26,1.0
570,2020-07-24,2020,30,34.7,24.8,9.9,7.26,1.0
571,2020-07-25,2020,30,34.2,27.6,6.6,7.26,1.0
572,2020-07-26,2020,30,32.9,26.8,6.1,7.26,1.0
573,2020-07-27,2020,31,34.2,25.6,8.6,8.27,3.0
574,2020-07-28,2020,31,32.2,24.0,8.2,8.27,3.0
575,2020-07-29,2020,31,32.9,24.2,8.7,8.27,3.0
576,2020-07-30,2020,31,30.9,25.6,5.3,8.27,3.0
577,2020-07-31,2020,31,33.9,25.7,8.2,8.27,3.0
578,2020-08-01,2020,31,34.5,24.4,10.1,8.27,3.0
579,2020-08-02,2020,31,32.8,25.6,7.2,8.27,3.0
580,2020-08-03,2020,32,30.7,25.1,5.6,5.04,0.0
581,2020-08-04,2020,32,30.5,24.7,5.8,5.04,0.0
582,2020-08-05,2020,32,33.1,25.1,8.0,5.04,0.0
583,2020-08-06,2020,32,34.6,26.0,8.6,5.04,0.0
584,2020-08-07,2020,32,32.4,26.4,6.0,5.04,0.0
585,2020-08-08,2020,32,32.6,26.9,5.7,5.04,0.0
586,2020-08-09,2020,32,33.6,27.3,6.3,5.04,0.0
587,2020-08-10,2020,33,33.1,24.5,8.6,5.97,0.0
588,2020-08-11,2020,33,30.4,25.6,4.8,5.97,0.0
589,2020-08-12,2020,33,32.6,24.4,8.2,5.97,0.0
590,2020-08-13,2020,33,32.7,24.3,8.4,5.97,0.0
591,2020-08-14,2020,33,32.9,24.8,8.1,5.97,0.0
592,2020-08-15,2020,33,31.4,23.1,8.3,5.97,0.0
593,2020-08-16,2020,33,32.3,23.5,8.8,5.97,0.0
594,2020-08-17,2020,34,32.8,23.9,8.9,5.91,0.0
595,2020-08-18,2020,34,33.7,25.2,8.5,5.91,0.0
596,2020-08-19,2020,34,34.6,25.7,8.9,5.91,0.0
597,2020-08-20,2020,34,33.4,24.7,8.7,5.91,0.0
598,2020-08-21,2020,34,33.1,25.3,7.8,5.91,0.0
599,2020-08-22,2020,34,31.7,25.8,5.9,5.91,0.0
600,2020-08-23,2020,34,33.3,26.1,7.2,5.91,0.0
601,2020-08-24,2020,35,33.8,25.2,8.6,7.41,2.0
602,2020-08-25,2020,35,33.2,26.1,7.1,7.41,2.0
603,2020-08-26,2020,35,29.4,25.5,3.9,7.41,2.0
604,2020-08-27,2020,35,30.1,24.4,5.7,7.41,2.0
605,2020-08-28,2020,35,32.1,24.9,7.2,7.41,2.0
606,2020-08-29,2020,35,32.6,25.1,7.5,7.41,2.0
607,2020-08-30,2020,35,33.2,25.8,7.4,7.41,2.0
608,2020-08-31,2020,36,32.0,25.5,6.5,7.2,2.0
609,2020-09-01,2020,36,32.9,25.0,7.9,7.2,2.0
610,2020-09-02,2020,36,33.5,26.1,7.4,7.2,2.0
611,2020-09-03,2020,36,33.0,24.8,8.2,7.2,2.0
612,2020-09-04,2020,36,33.1,24.3,8.8,7.2,2.0
613,2020-09-05,2020,36,32.1,25.5,6.6,7.2,2.0
614,2020-09-06,2020,36,31.2,23.3,7.9,7.2,2.0
615,2020-09-07,2020,37,34.0,21.9,12.1,6.79,1.0
616,2020-09-08,2020,37,32.9,24.6,8.3,6.79,1.0
617,2020-09-09,2020,37,32.8,25.6,7.2,6.79,1.0
618,2020-09-10,2020,37,33.0,26.5,6.5,6.79,1.0
619,2020-09-11,2020,37,32.4,25.1,7.3,6.79,1.0
620,2020-09-12,2020,37,31.5,24.4,7.1,6.79,1.0
621,2020-09-13,2020,37,32.2,24.9,7.3,6.79,1.0
622,2020-09-14,2020,38,33.4,25.4,8.0,6.34,0.0
623,2020-09-15,2020,38,33.4,25.6,7.8,6.34,0.0
624,2020-09-16,2020,38,33.6,25.3,8.3,6.34,0.0
625,2020-09-17,2020,38,34.1,26.0,8.1,6.34,0.0
626,2020-09-18,2020,38,34.2,24.4,9.8,6.34,0.0
627,2020-09-19,2020,38,33.2,24.9,8.3,6.34,0.0
628,2020-09-20,2020,38,32.0,25.5,6.5,6.34,0.0
629,2020-09-21,2020,39,32.3,25.5,6.8,8.2,2.0
630,2020-09-22,2020,39,32.2,24.1,8.1,8.2,2.0
631,2020-09-23,2020,39,31.9,24.0,7.9,8.2,2.0
632,2020-09-24,2020,39,31.8,24.6,7.2,8.2,2.0
633,2020-09-25,2020,39,29.2,23.9,5.3,8.2,2.0
634,2020-09-26,2020,39,31.2,24.0,7.2,8.2,2.0
635,2020-09-27,2020,39,29.4,23.5,5.9,8.2,2.0
636,2020-09-28,2020,40,29.6,23.4,6.2,7.21,1.0
637,2020-09-29,2020,40,31.2,23.8,7.4,7.21,1.0
638,2020-09-30,2020,40,29.8,23.6,6.2,7.21,1.0
639,2020-10-01,2020,40,31.0,23.1,7.9,7.21,1.0
640,2020-10-02,2020,40,31.7,23.2,8.5,7.21,1.0
641,2020-10-03,2020,40,31.8,24.1,7.7,7.21,1.0
642,2020-10-04,2020,40,33.1,23.9,9.2,7.21,1.0
643,2020-10-05,2020,41,31.1,23.9,7.2,6.81,0.0
644,2020-10-06,2020,41,30.9,22.6,8.3,6.81,0.0
645,2020-10-07,2020,41,29.0,22.1,6.9,6.81,0.0
646,2020-10-08,2020,41,29.2,22.2,7.0,6.81,0.0
647,2020-10-09,2020,41,30.3,22.6,7.7,6.81,0.0
648,2020-10-10,2020,41,30.5,21.9,8.6,6.81,0.0
649,2020-10-11,2020,41,30.6,21.9,8.7,6.81,0.0
650,2020-10-12,2020,42,31.4,24.3,7.1,7.99,1.0
651,2020-10-13,2020,42,31.7,24.7,7.0,7.99,1.0
652,2020-10-14,2020,42,30.8,24.0,6.8,7.99,1.0
653,2020-10-15,2020,42,31.7,23.7,8.0,7.99,1.0
654,2020-10-16,2020,42,30.9,24.2,6.7,7.99,1.0
655,2020-10-17,2020,42,30.0,22.8,7.2,7.99,1.0
656,2020-10-18,2020,42,29.2,21.7,7.5,7.99,1.0
657,2020-10-19,2020,43,30.2,21.0,9.2,8.59,3.0
658,2020-10-20,2020,43,30.1,21.9,8.2,8.59,3.0
659,2020-10-21,2020,43,29.0,22.2,6.8,8.59,3.0
660,2020-10-22,2020,43,27.0,20.3,6.7,8.59,3.0
661,2020-10-23,2020,43,22.7,19.8,2.9,8.59,3.0
662,2020-10-24,2020,43,26.8,20.5,6.3,8.59,3.0
663,2020-10-25,2020,43,28.3,21.3,7.0,8.59,3.0
664,2020-10-26,2020,44,29.9,21.7,8.2,7.14,0.0
665,2020-10-27,2020,44,30.0,22.1,7.9,7.14,0.0
666,2020-10-28,2020,44,30.9,22.1,8.8,7.14,0.0
667,2020-10-29,2020,44,29.4,22.5,6.9,7.14,0.0
668,2020-10-30,2020,44,27.9,20.6,7.3,7.14,0.0
669,2020-10-31,2020,44,26.8,20.2,6.6,7.14,0.0
670,2020-11-01,2020,44,28.2,20.8,7.4,7.14,0.0
671,2020-11-02,2020,45,29.0,19.9,9.1,8.53,4.0
672,2020-11-03,2020,45,28.0,20.8,7.2,8.53,4.0
673,2020-11-04,2020,45,27.3,19.8,7.5,8.53,4.0
674,2020-11-05,2020,45,28.6,20.2,8.4,8.53,4.0
675,2020-11-06,2020,45,27.6,20.4,7.2,8.53,4.0
676,2020-11-07,2020,45,27.3,22.0,5.3,8.53,4.0
677,2020-11-08,2020,45,24.3,19.4,4.9,8.53,4.0
678,2020-11-09,2020,46,22.6,18.6,4.0,9.39,5.0
679,2020-11-10,2020,46,21.9,18.8,3.1,9.39,5.0
680,2020-11-11,2020,46,27.6,17.8,9.8,9.39,5.0
681,2020-11-12,2020,46,27.4,18.0,9.4,9.39,5.0
682,2020-11-13,2020,46,25.3,21.1,4.2,9.39,5.0
683,2020-11-14,2020,46,24.8,21.1,3.7,9.39,5.0
684,2020-11-15,2020,46,27.3,20.2,7.1,9.39,5.0
685,2020-11-16,2020,47,28.1,22.1,6.0,7.67,3.0
686,2020-11-17,2020,47,30.2,21.9,8.3,7.67,3.0
687,2020-11-18,2020,47,30.1,20.2,9.9,7.67,3.0
688,2020-11-19,2020,47,30.6,21.4,9.2,7.67,3.0
689,2020-11-20,2020,47,30.8,22.7,8.1,7.67,3.0
690,2020-11-21,2020,47,31.9,22.9,9.0,7.67,3.0
691,2020-11-22,2020,47,29.9,22.2,7.7,7.67,3.0
692,2020-11-23,2020,48,28.1,21.4,6.7,8.77,4.0
693,2020-11-24,2020,48,28.5,21.3,7.2,8.77,4.0
694,2020-11-25,2020,48,28.4,20.1,8.3,8.77,4.0
695,2020-11-26,2020,48,28.4,21.3,7.1,8.77,4.0
696,2020-11-27,2020,48,26.5,19.7,6.8,8.77,4.0
697,2020-11-28,2020,48,27.0,19.0,8.0,8.77,4.0
698,2020-11-29,2020,48,26.1,17.8,8.3,8.77,4.0
699,2020-11-30,2020,49,24.7,18.4,6.3,6.47,2.0
700,2020-12-01,2020,49,26.1,16.8,9.3,6.47,2.0
701,2020-12-02,2020,49,25.9,18.0,7.9,6.47,2.0
702,2020-12-03,2020,49,22.6,16.9,5.7,6.47,2.0
703,2020-12-04,2020,49,21.4,17.0,4.4,6.47,2.0
704,2020-12-05,2020,49,25.0,17.6,7.4,6.47,2.0
705,2020-12-06,2020,49,26.5,16.6,9.9,6.47,2.0
706,2020-12-07,2020,50,25.2,18.9,6.3,10.01,6.0
707,2020-12-08,2020,50,21.8,17.9,3.9,10.01,6.0
708,2020-12-09,2020,50,21.0,17.7,3.3,10.01,6.0
709,2020-12-10,2020,50,23.7,19.1,4.6,10.01,6.0
710,2020-12-11,2020,50,24.4,19.5,4.9,10.01,6.0
711,2020-12-12,2020,50,25.0,18.7,6.3,10.01,6.0
712,2020-12-13,2020,50,26.5,17.4,9.1,10.01,6.0
713,2020-12-14,2020,51,23.2,16.0,7.2,8.23,3.0
714,2020-12-15,2020,51,22.2,15.8,6.4,8.23,3.0
715,2020-12-16,2020,51,22.2,16.4,5.8,8.23,3.0
716,2020-12-17,2020,51,23.5,16.2,7.3,8.23,3.0
717,2020-12-18,2020,51,23.2,14.8,8.4,8.23,3.0
718,2020-12-19,2020,51,21.5,15.4,6.1,8.23,3.0
719,2020-12-20,2020,51,20.8,16.0,4.8,8.23,3.0
720,2020-12-21,2020,52,17.5,15.3,2.2,6.96,2.0
721,2020-12-22,2020,52,24.3,15.4,8.9,6.96,2.0
722,2020-12-23,2020,52,20.1,17.3,2.8,6.96,2.0
723,2020-12-24,2020,52,22.1,16.5,5.6,6.96,2.0
724,2020-12-25,2020,52,22.4,16.2,6.2,6.96,2.0
725,2020-12-26,2020,52,24.0,15.4,8.6,6.96,2.0
726,2020-12-27,2020,52,22.8,16.6,6.2,6.96,2.0
727,2020-12-28,2020,53,27.1,17.4,9.7,,
728,2020-12-29,2020,53,24.6,18.6,6.0,,
729,2020-12-30,2020,53,19.0,10.3,8.7,,
730,2020-12-31,2020,53,10.6,9.2,1.4,,
731,2021-01-01,2020,53,18.5,10.5,8.0,,
732,2021-01-02,2020,53,20.3,10.2,10.1,,
733,2021-01-03,2020,53,22.1,10.9,11.2,,
734,2021-01-04,2021,1,21.9,13.1,8.8,7.27,2.0
735,2021-01-05,2021,1,21.5,15.0,6.5,7.27,2.0
736,2021-01-06,2021,1,17.9,14.7,3.2,7.27,2.0
737,2021-01-07,2021,1,15.3,9.9,5.4,7.27,2.0
738,2021-01-08,2021,1,10.3,8.0,2.3,7.27,2.0
739,2021-01-09,2021,1,14.5,11.0,3.5,7.27,2.0
740,2021-01-10,2021,1,16.7,8.5,8.2,7.27,2.0
741,2021-01-11,2021,2,15.1,8.8,6.3,7.5,1.0
742,2021-01-12,2021,2,15.1,8.1,7.0,7.5,1.0
743,2021-01-13,2021,2,20.2,7.1,13.1,7.5,1.0
744,2021-01-14,2021,2,21.8,9.5,12.3,7.5,1.0
745,2021-01-15,2021,2,22.8,10.1,12.7,7.5,1.0
746,2021-01-16,2021,2,22.7,9.8,12.9,7.5,1.0
747,2021-01-17,2021,2,19.2,11.0,8.2,7.5,1.0
748,2021-01-18,2021,3,20.0,9.7,10.3,6.24,1.0
749,2021-01-19,2021,3,21.7,10.5,11.2,6.24,1.0
750,2021-01-20,2021,3,22.9,12.2,10.7,6.24,1.0
751,2021-01-21,2021,3,27.1,15.0,12.1,6.24,1.0
752,2021-01-22,2021,3,23.4,16.9,6.5,6.24,1.0
753,2021-01-23,2021,3,24.8,16.5,8.3,6.24,1.0
754,2021-01-24,2021,3,22.5,15.7,6.8,6.24,1.0
755,2021-01-25,2021,4,23.6,14.8,8.8,8.4,3.0
756,2021-01-26,2021,4,22.8,13.4,9.4,8.4,3.0
757,2021-01-27,2021,4,22.3,14.5,7.8,8.4,3.0
758,2021-01-28,2021,4,20.1,13.1,7.0,8.4,3.0
759,2021-01-29,2021,4,20.8,11.6,9.2,8.4,3.0
760,2021-01-30,2021,4,21.7,11.5,10.2,8.4,3.0
761,2021-01-31,2021,4,22.3,12.4,9.9,8.4,3.0
762,2021-02-01,2021,5,24.3,12.6,11.7,10.94,6.0
763,2021-02-02,2021,5,24.9,12.4,12.5,10.94,6.0
764,2021-02-03,2021,5,23.7,12.9,10.8,10.94,6.0
765,2021-02-04,2021,5,23.0,13.2,9.8,10.94,6.0
766,2021-02-05,2021,5,24.5,13.9,10.6,10.94,6.0
767,2021-02-06,2021,5,26.4,14.2,12.2,10.94,6.0
768,2021-02-07,2021,5,23.9,14.0,9.9,10.94,6.0
769,2021-02-08,2021,6,24.7,15.0,9.7,8.33,3.0
770,2021-02-09,2021,6,23.8,15.2,8.6,8.33,3.0
771,2021-02-10,2021,6,22.4,15.6,6.8,8.33,3.0
772,2021-02-11,2021,6,18.8,15.9,2.9,8.33,3.0
773,2021-02-12,2021,6,20.6,15.9,4.7,8.33,3.0
774,2021-02-13,2021,6,24.9,16.4,8.5,8.33,3.0
775,2021-02-14,2021,6,24.0,16.5,7.5,8.33,3.0
776,2021-02-15,2021,7,24.1,14.8,9.3,8.8,3.0
777,2021-02-16,2021,7,24.7,16.6,8.1,8.8,3.0
778,2021-02-17,2021,7,21.1,14.3,6.8,8.8,3.0
779,2021-02-18,2021,7,21.1,13.0,8.1,8.8,3.0
780,2021-02-19,2021,7,21.9,12.1,9.8,8.8,3.0
781,2021-02-20,2021,7,22.5,11.7,10.8,8.8,3.0
782,2021-02-21,2021,7,23.7,12.8,10.9,8.8,3.0
783,2021-02-22,2021,8,26.0,13.3,12.7,6.69,2.0
784,2021-02-23,2021,8,25.6,16.5,9.1,6.69,2.0
785,2021-02-24,2021,8,22.7,17.9,4.8,6.69,2.0
786,2021-02-25,2021,8,26.5,18.1,8.4,6.69,2.0
787,2021-02-26,2021,8,26.8,18.0,8.8,6.69,2.0
788,2021-02-27,2021,8,24.3,16.3,8.0,6.69,2.0
789,2021-02-28,2021,8,26.8,15.7,11.1,6.69,2.0
790,2021-03-01,2021,9,26.8,17.7,9.1,8.06,3.0
791,2021-03-02,2021,9,22.2,15.6,6.6,8.06,3.0
792,2021-03-03,2021,9,21.0,15.4,5.6,8.06,3.0
793,2021-03-04,2021,9,26.3,15.4,10.9,8.06,3.0
794,2021-03-05,2021,9,26.8,18.6,8.2,8.06,3.0
795,2021-03-06,2021,9,27.1,17.5,9.6,8.06,3.0
796,2021-03-07,2021,9,22.8,16.2,6.6,8.06,3.0
797,2021-03-08,2021,10,24.1,16.0,8.1,7.56,2.0
798,2021-03-09,2021,10,24.6,16.2,8.4,7.56,2.0
799,2021-03-10,2021,10,24.9,16.4,8.5,7.56,2.0
800,2021-03-11,2021,10,24.7,17.3,7.4,7.56,2.0
801,2021-03-12,2021,10,25.8,17.3,8.5,7.56,2.0
802,2021-03-13,2021,10,25.0,17.5,7.5,7.56,2.0
803,2021-03-14,2021,10,24.7,16.5,8.2,7.56,2.0
804,2021-03-15,2021,11,24.9,17.8,7.1,6.24,1.0
805,2021-03-16,2021,11,28.0,19.2,8.8,6.24,1.0
806,2021-03-17,2021,11,27.7,20.0,7.7,6.24,1.0
807,2021-03-18,2021,11,27.1,18.3,8.8,6.24,1.0
808,2021-03-19,2021,11,27.7,18.4,9.3,6.24,1.0
809,2021-03-20,2021,11,28.8,20.6,8.2,6.24,1.0
810,2021-03-21,2021,11,23.4,15.2,8.2,6.24,1.0
811,2021-03-22,2021,12,15.8,12.9,2.9,7.16,2.0
812,2021-03-23,2021,12,21.8,14.0,7.8,7.16,2.0
813,2021-03-24,2021,12,20.6,16.1,4.5,7.16,2.0
814,2021-03-25,2021,12,24.0,13.8,10.2,7.16,2.0
815,2021-03-26,2021,12,25.4,17.1,8.3,7.16,2.0
816,2021-03-27,2021,12,28.4,18.6,9.8,7.16,2.0
817,2021-03-28,2021,12,30.2,21.8,8.4,7.16,2.0
818,2021-03-29,2021,13,29.6,21.1,8.5,8.31,4.0
819,2021-03-30,2021,13,29.7,24.2,5.5,8.31,4.0
820,2021-03-31,2021,13,29.9,22.4,7.5,8.31,4.0
821,2021-04-01,2021,13,28.4,23.9,4.5,8.31,4.0
822,2021-04-02,2021,13,31.2,22.3,8.9,8.31,4.0
823,2021-04-03,2021,13,29.6,22.9,6.7,8.31,4.0
824,2021-04-04,2021,13,28.1,19.6,8.5,8.31,4.0
825,2021-04-05,2021,14,25.9,18.0,7.9,6.76,0.0
826,2021-04-06,2021,14,25.8,16.6,9.2,6.76,0.0
827,2021-04-07,2021,14,24.2,17.8,6.4,6.76,0.0
828,2021-04-08,2021,14,27.1,18.3,8.8,6.76,0.0
829,2021-04-09,2021,14,22.9,16.3,6.6,6.76,0.0
830,2021-04-10,2021,14,25.7,16.1,9.6,6.76,0.0
831,2021-04-11,2021,14,26.8,17.4,9.4,6.76,0.0
832,2021-04-12,2021,15,28.1,19.6,8.5,8.19,3.0
833,2021-04-13,2021,15,28.8,20.4,8.4,8.19,3.0
834,2021-04-14,2021,15,27.2,19.5,7.7,8.19,3.0
835,2021-04-15,2021,15,27.3,18.6,8.7,8.19,3.0
836,2021-04-16,2021,15,29.4,19.6,9.8,8.19,3.0
837,2021-04-17,2021,15,28.7,21.0,7.7,8.19,3.0
838,2021-04-18,2021,15,28.0,20.5,7.5,8.19,3.0
839,2021-04-19,2021,16,28.1,19.6,8.5,6.79,0.0
840,2021-04-20,2021,16,27.9,21.6,6.3,6.79,0.0
841,2021-04-21,2021,16,29.6,21.9,7.7,6.79,0.0
842,2021-04-22,2021,16,27.3,22.2,5.1,6.79,0.0
843,2021-04-23,2021,16,28.6,22.3,6.3,6.79,0.0
844,2021-04-24,2021,16,30.0,21.6,8.4,6.79,0.0
845,2021-04-25,2021,16,25.5,21.1,4.4,6.79,0.0
846,2021-04-26,2021,17,28.1,21.3,6.8,7.19,1.0
847,2021-04-27,2021,17,27.3,21.9,5.4,7.19,1.0
848,2021-04-28,2021,17,27.3,21.4,5.9,7.19,1.0
849,2021-04-29,2021,17,23.2,20.8,2.4,7.19,1.0
850,2021-04-30,2021,17,28.6,19.8,8.8,7.19,1.0
851,2021-05-01,2021,17,28.8,21.5,7.3,7.19,1.0
852,2021-05-02,2021,17,29.8,20.5,9.3,7.19,1.0
853,2021-05-03,2021,18,27.6,23.3,4.3,5.94,0.0
854,2021-05-04,2021,18,31.7,22.9,8.8,5.94,0.0
855,2021-05-05,2021,18,30.2,21.2,9.0,5.94,0.0
856,2021-05-06,2021,18,29.7,19.9,9.8,5.94,0.0
857,2021-05-07,2021,18,31.4,23.5,7.9,5.94,0.0
858,2021-05-08,2021,18,31.6,24.3,7.3,5.94,0.0
859,2021-05-09,2021,18,32.4,23.8,8.6,5.94,0.0
860,2021-05-10,2021,19,32.0,24.6,7.4,5.8,0.0
861,2021-05-11,2021,19,32.5,24.6,7.9,5.8,0.0
862,2021-05-12,2021,19,33.0,23.2,9.8,5.8,0.0
863,2021-05-13,2021,19,33.0,26.3,6.7,5.8,0.0
864,2021-05-14,2021,19,32.3,25.2,7.1,5.8,0.0
865,2021-05-15,2021,19,33.8,24.5,9.3,5.8,0.0
866,2021-05-16,2021,19,34.1,26.1,8.0,5.8,0.0
867,2021-05-17,2021,20,33.1,25.3,7.8,5.86,1.0
868,2021-05-18,2021,20,33.0,26.4,6.6,5.86,1.0
869,2021-05-19,2021,20,33.5,27.0,6.5,5.86,1.0
870,2021-05-20,2021,20,33.4,25.7,7.7,5.86,1.0
871,2021-05-21,2021,20,33.7,26.5,7.2,5.86,1.0
872,2021-05-22,2021,20,33.6,26.5,7.1,5.86,1.0
873,2021-05-23,2021,20,35.0,27.1,7.9,5.86,1.0
874,2021-05-24,2021,21,33.7,24.6,9.1,6.36,0.0
875,2021-05-25,2021,21,33.0,25.5,7.5,6.36,0.0
876,2021-05-26,2021,21,33.2,26.1,7.1,6.36,0.0
877,2021-05-27,2021,21,33.8,26.0,7.8,6.36,0.0
878,2021-05-28,2021,21,33.5,26.8,6.7,6.36,0.0
879,2021-05-29,2021,21,32.5,26.1,6.4,6.36,0.0
880,2021-05-30,2021,21,28.7,23.2,5.5,6.36,0.0
881,2021-05-31,2021,22,29.7,24.6,5.1,6.66,1.0
882,2021-06-01,2021,22,31.2,23.8,7.4,6.66,1.0
883,2021-06-02,2021,22,32.5,25.1,7.4,6.66,1.0
884,2021-06-03,2021,22,33.4,25.7,7.7,6.66,1.0
885,2021-06-04,2021,22,33.5,24.4,9.1,6.66,1.0
886,2021-06-05,2021,22,29.6,23.4,6.2,6.66,1.0
887,2021-06-06,2021,22,29.2,23.4,5.8,6.66,1.0
888,2021-06-07,2021,23,29.1,23.8,5.3,7.66,2.0
889,2021-06-08,2021,23,32.4,22.7,9.7,7.66,2.0
890,2021-06-09,2021,23,33.0,23.9,9.1,7.66,2.0
891,2021-06-10,2021,23,33.4,24.2,9.2,7.66,2.0
892,2021-06-11,2021,23,33.0,25.2,7.8,7.66,2.0
893,2021-06-12,2021,23,32.8,22.7,10.1,7.66,2.0
894,2021-06-13,2021,23,33.7,24.8,8.9,7.66,2.0
895,2021-06-14,2021,24,33.5,25.2,8.3,6.24,1.0
896,2021-06-15,2021,24,32.3,27.2,5.1,6.24,1.0
897,2021-06-16,2021,24,30.6,25.5,5.1,6.24,1.0
898,2021-06-17,2021,24,32.3,26.0,6.3,6.24,1.0
899,2021-06-18,2021,24,33.0,27.0,6.0,6.24,1.0
900,2021-06-19,2021,24,30.6,25.4,5.2,6.24,1.0
901,2021-06-20,2021,24,30.8,24.6,6.2,6.24,1.0
902,2021-06-21,2021,25,28.6,24.4,4.2,7.59,1.0
903,2021-06-22,2021,25,28.7,24.0,4.7,7.59,1.0
904,2021-06-23,2021,25,27.6,24.3,3.3,7.59,1.0
905,2021-06-24,2021,25,30.9,24.2,6.7,7.59,1.0
906,2021-06-25,2021,25,30.9,24.7,6.2,7.59,1.0
907,2021-06-26,2021,25,30.9,24.6,6.3,7.59,1.0
908,2021-06-27,2021,25,30.2,26.3,3.9,7.59,1.0
909,2021-06-28,2021,26,30.5,24.3,6.2,5.77,0.0
910,2021-06-29,2021,26,30.2,24.5,5.7,5.77,0.0
911,2021-06-30,2021,26,31.8,25.3,6.5,5.77,0.0
912,2021-07-01,2021,26,32.7,25.5,7.2,5.77,0.0
913,2021-07-02,2021,26,32.9,26.5,6.4,5.77,0.0
914,2021-07-03,2021,26,33.4,26.5,6.9,5.77,0.0
915,2021-07-04,2021,26,32.8,26.2,6.6,5.77,0.0
916,2021-07-05,2021,27,33.6,25.5,8.1,6.51,0.0
917,2021-07-06,2021,27,32.3,27.0,5.3,6.51,0.0
918,2021-07-07,2021,27,33.8,24.3,9.5,6.51,0.0
919,2021-07-08,2021,27,32.5,25.3,7.2,6.51,0.0
920,2021-07-09,2021,27,33.9,26.0,7.9,6.51,0.0
921,2021-07-10,2021,27,33.3,26.5,6.8,6.51,0.0
922,2021-07-11,2021,27,32.2,25.0,7.2,6.51,0.0
923,2021-07-12,2021,28,33.5,25.3,8.2,6.64,0.0
924,2021-07-13,2021,28,33.9,24.2,9.7,6.64,0.0
925,2021-07-14,2021,28,33.5,24.0,9.5,6.64,0.0
926,2021-07-15,2021,28,32.5,23.2,9.3,6.64,0.0
927,2021-07-16,2021,28,33.5,23.6,9.9,6.64,0.0
928,2021-07-17,2021,28,33.5,24.1,9.4,6.64,0.0
929,2021-07-18,2021,28,33.9,24.0,9.9,6.64,0.0
930,2021-07-19,2021,29,33.2,23.2,10.0,6.59,1.0
931,2021-07-20,2021,29,32.4,25.7,6.7,6.59,1.0
932,2021-07-21,2021,29,34.1,25.1,9.0,6.59,1.0
933,2021-07-22,2021,29,30.7,25.5,5.2,6.59,1.0
934,2021-07-23,2021,29,30.5,25.0,5.5,6.59,1.0
935,2021-07-24,2021,29,31.6,25.9,5.7,6.59,1.0
936,2021-07-25,2021,29,33.0,25.6,7.4,6.59,1.0
937,2021-07-26,2021,30,32.2,26.8,5.4,7.26,1.0
938,2021-07-27,2021,30,34.5,26.8,7.7,7.26,1.0
939,2021-07-28,2021,30,33.9,27.4,6.5,7.26,1.0
940,2021-07-29,2021,30,32.2,26.8,5.4,7.26,1.0
941,2021-07-30,2021,30,31.3,27.3,4.0,7.26,1.0
942,2021-07-31,2021,30,29.2,23.8,5.4,7.26,1.0
943,2021-08-01,2021,30,28.3,24.0,4.3,7.26,1.0
944,2021-08-02,2021,31,26.9,24.1,2.8,8.27,3.0
945,2021-08-03,2021,31,32.0,24.8,7.2,8.27,3.0
946,2021-08-04,2021,31,31.8,25.3,6.5,8.27,3.0
947,2021-08-05,2021,31,29.0,24.4,4.6,8.27,3.0
948,2021-08-06,2021,31,28.7,24.8,3.9,8.27,3.0
949,2021-08-07,2021,31,28.2,25.0,3.2,8.27,3.0
950,2021-08-08,2021,31,30.6,25.7,4.9,8.27,3.0
951,2021-08-09,2021,32,29.7,25.1,4.6,5.04,0.0
952,2021-08-10,2021,32,32.9,24.6,8.3,5.04,0.0
953,2021-08-11,2021,32,32.3,24.0,8.3,5.04,0.0
954,2021-08-12,2021,32,32.4,24.7,7.7,5.04,0.0
955,2021-08-13,2021,32,32.4,25.4,7.0,5.04,0.0
956,2021-08-14,2021,32,30.7,24.5,6.2,5.04,0.0
957,2021-08-15,2021,32,32.3,25.2,7.1,5.04,0.0
958,2021-08-16,2021,33,32.3,25.7,6.6,5.97,0.0
959,2021-08-17,2021,33,32.7,25.9,6.8,5.97,0.0
960,2021-08-18,2021,33,31.9,23.2,8.7,5.97,0.0
961,2021-08-19,2021,33,33.8,23.2,10.6,5.97,0.0
962,2021-08-20,2021,33,33.6,23.5,10.1,5.97,0.0
963,2021-08-21,2021,33,33.2,25.6,7.6,5.97,0.0
964,2021-08-22,2021,33,33.1,25.3,7.8,5.97,0.0
965,2021-08-23,2021,34,32.6,25.7,6.9,5.91,0.0
966,2021-08-24,2021,34,32.8,25.6,7.2,5.91,0.0
967,2021-08-25,2021,34,33.2,24.3,8.9,5.91,0.0
968,2021-08-26,2021,34,32.9,24.4,8.5,5.91,0.0
969,2021-08-27,2021,34,32.7,24.3,8.4,5.91,0.0
970,2021-08-28,2021,34,34.1,24.8,9.3,5.91,0.0
971,2021-08-29,2021,34,33.1,25.5,7.6,5.91,0.0
972,2021-08-30,2021,35,29.9,25.7,4.2,7.41,2.0
973,2021-08-31,2021,35,31.5,26.0,5.5,7.41,2.0
974,2021-09-01,2021,35,33.2,25.3,7.9,7.41,2.0
975,2021-09-02,2021,35,31.8,26.6,5.2,7.41,2.0
976,2021-09-03,2021,35,32.6,24.7,7.9,7.41,2.0
977,2021-09-04,2021,35,32.5,23.6,8.9,7.41,2.0
978,2021-09-05,2021,35,32.0,24.1,7.9,7.41,2.0
979,2021-09-06,2021,36,32.9,24.3,8.6,7.2,2.0
980,2021-09-07,2021,36,33.3,26.0,7.3,7.2,2.0
981,2021-09-08,2021,36,33.1,25.8,7.3,7.2,2.0
982,2021-09-09,2021,36,33.8,26.1,7.7,7.2,2.0
983,2021-09-10,2021,36,33.4,26.4,7.0,7.2,2.0
984,2021-09-11,2021,36,32.2,26.3,5.9,7.2,2.0
985,2021-09-12,2021,36,31.0,25.1,5.9,7.2,2.0
986,2021-09-13,2021,37,30.9,24.4,6.5,6.79,1.0
987,2021-09-14,2021,37,33.9,25.9,8.0,6.79,1.0
988,2021-09-15,2021,37,34.2,24.9,9.3,6.79,1.0
989,2021-09-16,2021,37,33.8,24.8,9.0,6.79,1.0
990,2021-09-17,2021,37,32.7,25.5,7.2,6.79,1.0
991,2021-09-18,2021,37,33.1,25.8,7.3,6.79,1.0
992,2021-09-19,2021,37,33.6,26.1,7.5,6.79,1.0
993,2021-09-20,2021,38,34.0,26.4,7.6,6.34,0.0
994,2021-09-21,2021,38,32.2,26.1,6.1,6.34,0.0
995,2021-09-22,2021,38,33.1,24.5,8.6,6.34,0.0
996,2021-09-23,2021,38,33.8,25.1,8.7,6.34,0.0
997,2021-09-24,2021,38,33.0,24.9,8.1,6.34,0.0
998,2021-09-25,2021,38,33.8,25.7,8.1,6.34,0.0
999,2021-09-26,2021,38,33.3,26.1,7.2,6.34,0.0
1000,2021-09-27,2021,39,32.8,25.9,6.9,8.2,2.0
1001,2021-09-28,2021,39,32.4,25.6,6.8,8.2,2.0
1002,2021-09-29,2021,39,33.5,25.7,7.8,8.2,2.0
1003,2021-09-30,2021,39,32.8,25.8,7.0,8.2,2.0
1004,2021-10-01,2021,39,32.5,25.4,7.1,8.2,2.0
1005,2021-10-02,2021,39,32.9,25.9,7.0,8.2,2.0
1006,2021-10-03,2021,39,33.3,25.9,7.4,8.2,2.0
1007,2021-10-04,2021,40,34.0,25.5,8.5,7.21,1.0
1008,2021-10-05,2021,40,33.1,24.8,8.3,7.21,1.0
1009,2021-10-06,2021,40,32.7,24.9,7.8,7.21,1.0
1010,2021-10-07,2021,40,32.4,24.9,7.5,7.21,1.0
1011,2021-10-08,2021,40,32.5,26.2,6.3,7.21,1.0
1012,2021-10-09,2021,40,33.6,25.9,7.7,7.21,1.0
1013,2021-10-10,2021,40,34.1,25.2,8.9,7.21,1.0
1014,2021-10-11,2021,41,33.3,25.7,7.6,6.81,0.0
1015,2021-10-12,2021,41,30.6,25.6,5.0,6.81,0.0
1016,2021-10-13,2021,41,29.1,24.0,5.1,6.81,0.0
1017,2021-10-14,2021,41,27.5,24.7,2.8,6.81,0.0
1018,2021-10-15,2021,41,31.8,24.3,7.5,6.81,0.0
1019,2021-10-16,2021,41,31.3,25.0,6.3,6.81,0.0
1020,2021-10-17,2021,41,27.9,21.1,6.8,6.81,0.0
1021,2021-10-18,2021,42,29.1,20.9,8.2,7.99,1.0
1022,2021-10-19,2021,42,29.7,20.8,8.9,7.99,1.0
1023,2021-10-20,2021,42,30.1,21.6,8.5,7.99,1.0
1024,2021-10-21,2021,42,27.8,21.6,6.2,7.99,1.0
1025,2021-10-22,2021,42,23.8,20.8,3.0,7.99,1.0
1026,2021-10-23,2021,42,28.8,20.3,8.5,7.99,1.0
1027,2021-10-24,2021,42,25.9,21.1,4.8,7.99,1.0
1028,2021-10-25,2021,43,28.5,20.8,7.7,8.59,3.0
1029,2021-10-26,2021,43,30.6,21.0,9.6,8.59,3.0
1030,2021-10-27,2021,43,29.8,21.6,8.2,8.59,3.0
1031,2021-10-28,2021,43,28.7,20.7,8.0,8.59,3.0
1032,2021-10-29,2021,43,28.1,19.4,8.7,8.59,3.0
1033,2021-10-30,2021,43,28.2,20.3,7.9,8.59,3.0
1034,2021-10-31,2021,43,28.9,20.0,8.9,8.59,3.0
1035,2021-11-01,2021,44,29.4,20.9,8.5,7.14,0.0
1036,2021-11-02,2021,44,28.8,20.3,8.5,7.14,0.0
1037,2021-11-03,2021,44,28.7,21.6,7.1,7.14,0.0
1038,2021-11-04,2021,44,29.7,22.7,7.0,7.14,0.0
1039,2021-11-05,2021,44,31.2,21.3,9.9,7.14,0.0
1040,2021-11-06,2021,44,31.6,22.4,9.2,7.14,0.0
1041,2021-11-07,2021,44,31.2,21.4,9.8,7.14,0.0
1042,2021-11-08,2021,45,26.5,17.7,8.8,8.53,4.0
1043,2021-11-09,2021,45,22.5,17.2,5.3,8.53,4.0
1044,2021-11-10,2021,45,23.2,15.0,8.2,8.53,4.0
1045,2021-11-11,2021,45,26.6,13.6,13.0,8.53,4.0
1046,2021-11-12,2021,45,26.9,17.3,9.6,8.53,4.0
1047,2021-11-13,2021,45,23.8,16.9,6.9,8.53,4.0
1048,2021-11-14,2021,45,25.0,16.2,8.8,8.53,4.0
1049,2021-11-15,2021,46,27.2,17.5,9.7,9.39,5.0
1050,2021-11-16,2021,46,28.0,19.8,8.2,9.39,5.0
1051,2021-11-17,2021,46,28.7,19.5,9.2,9.39,5.0
1052,2021-11-18,2021,46,26.8,20.3,6.5,9.39,5.0
1053,2021-11-19,2021,46,27.1,19.3,7.8,9.39,5.0
1054,2021-11-20,2021,46,27.8,19.8,8.0,9.39,5.0
1055,2021-11-21,2021,46,28.6,20.8,7.8,9.39,5.0
1056,2021-11-22,2021,47,24.9,16.5,8.4,7.67,3.0
1057,2021-11-23,2021,47,19.9,15.5,4.4,7.67,3.0
1058,2021-11-24,2021,47,24.4,15.5,8.9,7.67,3.0
1059,2021-11-25,2021,47,22.7,16.5,6.2,7.67,3.0
1060,2021-11-26,2021,47,22.3,18.0,4.3,7.67,3.0
1061,2021-11-27,2021,47,25.4,16.8,8.6,7.67,3.0
1062,2021-11-28,2021,47,25.1,19.5,5.6,7.67,3.0
1063,2021-11-29,2021,48,28.0,20.3,7.7,8.77,4.0
1064,2021-11-30,2021,48,25.0,17.7,7.3,8.77,4.0
1065,2021-12-01,2021,48,21.1,14.6,6.5,8.77,4.0
1066,2021-12-02,2021,48,22.1,13.5,8.6,8.77,4.0
1067,2021-12-03,2021,48,22.8,12.3,10.5,8.77,4.0
1068,2021-12-04,2021,48,24.0,11.3,12.7,8.77,4.0
1069,2021-12-05,2021,48,24.9,13.0,11.9,8.77,4.0
1070,2021-12-06,2021,49,24.2,14.1,10.1,6.47,2.0
1071,2021-12-07,2021,49,26.2,14.9,11.3,6.47,2.0
1072,2021-12-08,2021,49,25.3,14.5,10.8,6.47,2.0
1073,2021-12-09,2021,49,25.0,15.9,9.1,6.47,2.0
1074,2021-12-10,2021,49,25.8,15.6,10.2,6.47,2.0
1075,2021-12-11,2021,49,25.1,17.5,7.6,6.47,2.0
1076,2021-12-12,2021,49,26.0,16.3,9.7,6.47,2.0
1077,2021-12-13,2021,50,24.1,16.1,8.0,10.01,6.0
1078,2021-12-14,2021,50,26.3,14.6,11.7,10.01,6.0
1079,2021-12-15,2021,50,26.4,17.1,9.3,10.01,6.0
1080,2021-12-16,2021,50,26.3,17.6,8.7,10.01,6.0
1081,2021-12-17,2021,50,23.9,14.9,9.0,10.01,6.0
1082,2021-12-18,2021,50,19.5,14.0,5.5,10.01,6.0
1083,2021-12-19,2021,50,22.7,15.4,7.3,10.01,6.0
1084,2021-12-20,2021,51,21.4,15.8,5.6,8.23,3.0
1085,2021-12-21,2021,51,19.9,16.7,3.2,8.23,3.0
1086,2021-12-22,2021,51,20.4,17.2,3.2,8.23,3.0
1087,2021-12-23,2021,51,24.3,17.1,7.2,8.23,3.0
1088,2021-12-24,2021,51,22.9,18.1,4.8,8.23,3.0
1089,2021-12-25,2021,51,19.4,15.7,3.7,8.23,3.0
1090,2021-12-26,2021,51,18.7,14.5,4.2,8.23,3.0
1091,2021-12-27,2021,52,15.2,12.5,2.7,6.96,2.0
1092,2021-12-28,2021,52,21.8,12.9,8.9,6.96,2.0
1093,2021-12-29,2021,52,22.7,13.9,8.8,6.96,2.0
1094,2021-12-30,2021,52,22.2,13.2,9.0,6.96,2.0
1095,2021-12-31,2021,52,21.2,12.3,8.9,6.96,2.0
